SYMBOL,NAME OF COMPANY, SERIES, DATE OF LISTING, PAID UP VALUE, MARKET LOT, ISIN NUMBER, FACE VALUE,ISIN_CLEAN,LISTING_SOURCE
360ONE,360 ONE WAM LIMITED,EQ,19-SEP-2019,1,1,INE466L01038,1,INE466L01038,NSE_ONLY
3IINFOLTD,3i Infotech Limited,EQ,22-OCT-2021,10,1,INE748C01038,10,INE748C01038,NSE_ONLY
AAATECH,AAA Technologies Limited,BE,28-NOV-2022,10,1,INE0D0U01013,10,INE0D0U01013,NSE_ONLY
AADHARHFC,Aadhar Housing Finance Limited,EQ,15-MAY-2024,10,1,INE883F01010,10,INE883F01010,NSE_ONLY
AAKASH,Aakash Exploration Services Limited,EQ,29-SEP-2020,1,1,INE087Z01024,1,INE087Z01024,NSE_ONLY
AAREYDRUGS,Aarey Drugs & Pharmaceuticals Limited,BE,06-AUG-2021,10,1,INE198H01019,10,INE198H01019,NSE_ONLY
AARON,Aaron Industries Limited,EQ,06-NOV-2020,10,1,INE721Z01010,10,INE721Z01010,NSE_ONLY
AARTECH,Aartech Solonics Limited,EQ,10-JUL-2023,5,1,INE01C001026,5,INE01C001026,NSE_ONLY
AARTIPHARM,Aarti Pharmalabs Limited,EQ,30-JAN-2023,5,1,INE0LRU01027,5,INE0LRU01027,NSE_ONLY
AARTISURF,Aarti Surfactants Limited,EQ,14-JUL-2020,10,1,INE09EO01013,10,INE09EO01013,NSE_ONLY
AARVI,Aarvi Encon Limited,EQ,24-JUN-2020,10,1,INE754X01016,10,INE754X01016,NSE_ONLY
AAVAS,Aavas Financiers Limited,EQ,08-OCT-2018,10,1,INE216P01012,10,INE216P01012,NSE_ONLY
ABCOTS,A B Cotspin India Limited,EQ,24-SEP-2025,10,1,INE08PH01015,10,INE08PH01015,NSE_ONLY
ABDL,Allied Blenders and Distillers Limited,EQ,02-JUL-2024,2,1,INE552Z01027,2,INE552Z01027,NSE_ONLY
ABINFRA,A B Infrabuild Limited,EQ,08-NOV-2024,1,1,INE00YB01025,1,INE00YB01025,NSE_ONLY
ABLBL,Aditya Birla Lifestyle Brands Limited,EQ,23-JUN-2025,10,1,INE14LE01019,10,INE14LE01019,NSE_ONLY
ABMINTLLTD,ABM International Limited,EQ,09-SEP-2021,10,1,INE251C01025,10,INE251C01025,NSE_ONLY
ABSLAMC,Aditya Birla Sun Life AMC Limited,EQ,11-OCT-2021,5,1,INE404A01024,5,INE404A01024,NSE_ONLY
ACCURACY,Accuracy Shipping Limited,EQ,11-DEC-2020,1,1,INE648Z01023,1,INE648Z01023,NSE_ONLY
ACEINTEG,Ace Integrated Solutions Limited,EQ,04-NOV-2022,10,1,INE543V01017,10,INE543V01017,NSE_ONLY
ACI,Archean Chemical Industries Limited,EQ,21-NOV-2022,2,1,INE128X01021,2,INE128X01021,NSE_ONLY
ACL,Andhra Cements Limited,EQ,10-MAY-2023,10,1,INE666E01020,10,INE666E01020,NSE_ONLY
ACMESOLAR,Acme Solar Holdings Limited,EQ,13-NOV-2024,2,1,INE622W01025,2,INE622W01025,NSE_ONLY
ACUTAAS,Acutaas Chemicals Limited,EQ,14-SEP-2021,5,1,INE00FF01025,5,INE00FF01025,NSE_ONLY
ADANIGREEN,Adani Green Energy Limited,EQ,18-JUN-2018,10,1,INE364U01010,10,INE364U01010,NSE_ONLY
ADANIPOWER,Adani Power Limited,EQ,20-AUG-2009,2,1,INE814H01029,2,INE814H01029,NSE_ONLY
ADFFOODS,ADF Foods Limited,EQ,15-SEP-2010,2,1,INE982B01027,2,INE982B01027,NSE_ONLY
ADL,Archidply Decor Limited,EQ,01-OCT-2020,10,1,INE0CHO01012,10,INE0CHO01012,NSE_ONLY
ADVANCE,Advance Agrolife Limited,EQ,08-OCT-2025,10,1,INE1B0W01010,10,INE1B0W01010,NSE_ONLY
ADVENTHTL,Advent Hotels International Limited,EQ,13-NOV-2025,10,1,INE28GN01010,10,INE28GN01010,NSE_ONLY
AEGISVOPAK,Aegis Vopak Terminals Limited,EQ,02-JUN-2025,10,1,INE0INX01018,10,INE0INX01018,NSE_ONLY
AEROENTER,Aeroflex Enterprises Limited,EQ,21-NOV-2022,2,1,INE065D01027,2,INE065D01027,NSE_ONLY
AEROFLEX,Aeroflex Industries Limited,EQ,31-AUG-2023,2,1,INE024001021,2,INE024001021,NSE_ONLY
AERONEU,Aeroflex Neu Limited,EQ,12-JAN-2023,10,1,INE035801013,10,INE035801013,NSE_ONLY
AETHER,Aether Industries Limited,EQ,03-JUN-2022,10,1,INE0BWX01014,10,INE0BWX01014,NSE_ONLY
AFCONS,Afcons Infrastructure Limited,EQ,04-NOV-2024,10,1,INE101I01011,10,INE101I01011,NSE_ONLY
AFFLE,Affle 3i Limited,EQ,08-AUG-2019,2,1,INE00WC01027,2,INE00WC01027,NSE_ONLY
AFFORDABLE,Affordable Robotic & Automation Limited,EQ,23-OCT-2024,10,1,INE692Z01013,10,INE692Z01013,NSE_ONLY
AFIL,Akme Fintrade (India) Limited,EQ,26-JUN-2024,1,1,INE916Y01027,1,INE916Y01027,NSE_ONLY
AFSL,Abans Financial Services Limited,EQ,23-DEC-2022,2,1,INE00ZE01026,2,INE00ZE01026,NSE_ONLY
AGARWALEYE,Dr. Agarwal's Health Care Limited,EQ,04-FEB-2025,1,1,INE943P01029,1,INE943P01029,NSE_ONLY
AGIIL,Agi Infra Limited,EQ,15-JUL-2024,1,1,INE976R01033,1,INE976R01033,NSE_ONLY
AGROPHOS,Agro Phos India Limited,EQ,08-MAR-2019,10,1,INE740V01019,10,INE740V01019,NSE_ONLY
AGSTRA,AGS Transact Technologies Limited,BZ,31-JAN-2022,10,1,INE583L01014,10,INE583L01014,NSE_ONLY
AHCL,Anlon Healthcare Limited,BE,03-SEP-2025,10,1,INE0Y8W01017,10,INE0Y8W01017,NSE_ONLY
AHLADA,Ahlada Engineers Limited,EQ,28-JAN-2021,10,1,INE00PV01013,10,INE00PV01013,NSE_ONLY
AIIL,Authum Investment & Infrastructure Limited,EQ,23-APR-2024,1,1,INE206F01022,1,INE206F01022,NSE_ONLY
AIRAN,Airan Limited,EQ,03-MAY-2019,2,1,INE645W01026,2,INE645W01026,NSE_ONLY
AIROLAM,Airo Lam limited,EQ,13-OCT-2021,10,1,INE801L01010,10,INE801L01010,NSE_ONLY
AJAXENGG,Ajax Engineering Limited,EQ,17-FEB-2025,1,1,INE274Y01021,1,INE274Y01021,NSE_ONLY
AJOONI,Ajooni Biotech Limited,EQ,07-MAY-2021,2,1,INE820Y01021,2,INE820Y01021,NSE_ONLY
AKASH,Akash Infra-Projects Limited,EQ,11-OCT-2019,10,1,INE737W01013,10,INE737W01013,NSE_ONLY
AKG,Akg Exim Limited,EQ,16-FEB-2021,10,1,INE00Y801016,10,INE00Y801016,NSE_ONLY
AKI,AKI India Limited,EQ,06-APR-2023,2,1,INE642Z01026,2,INE642Z01026,NSE_ONLY
AKSHAR,Akshar Spintex Limited,EQ,23-MAY-2022,1,1,INE256Z01025,1,INE256Z01025,NSE_ONLY
AKUMS,Akums Drugs and Pharmaceuticals Limited,EQ,06-AUG-2024,2,1,INE09XN01023,2,INE09XN01023,NSE_ONLY
ALIVUS,Alivus Life Sciences Limited,EQ,06-AUG-2021,2,1,INE03Q201024,2,INE03Q201024,NSE_ONLY
ALKYLAMINE,Alkyl Amines Chemicals Limited,EQ,26-NOV-2007,2,1,INE150B01039,2,INE150B01039,NSE_ONLY
ALLTIME,All Time Plastics Limited,EQ,14-AUG-2025,2,1,INE0GV601021,2,INE0GV601021,NSE_ONLY
ALMONDZ,Almondz Global Securities Limited,EQ,16-JUN-2008,1,1,INE326B01035,1,INE326B01035,NSE_ONLY
ALOKINDS,Alok Industries Limited,EQ,19-FEB-2020,1,1,INE270A01029,1,INE270A01029,NSE_ONLY
AMANTA,Amanta Healthcare Limited,EQ,09-SEP-2025,10,1,INE084K01015,10,INE084K01015,NSE_ONLY
AMBER,Amber Enterprises India Limited,EQ,30-JAN-2018,10,1,INE371P01015,10,INE371P01015,NSE_ONLY
AMNPLST,Amines & Plasticizers Limited,EQ,10-NOV-2023,2,1,INE275D01022,2,INE275D01022,NSE_ONLY
AMRUTANJAN,Amrutanjan Health Care Limited,EQ,02-JAN-2015,1,1,INE098F01031,1,INE098F01031,NSE_ONLY
ANANDRATHI,Anand Rathi Wealth Limited,EQ,14-DEC-2021,5,1,INE463V01026,5,INE463V01026,NSE_ONLY
ANDHRAPAP,ANDHRA PAPER LIMITED,EQ,13-MAY-2004,2,1,INE435A01051,2,INE435A01051,NSE_ONLY
ANDHRSUGAR,The Andhra Sugars Limited,EQ,01-NOV-1995,2,1,INE715B01021,2,INE715B01021,NSE_ONLY
ANGELONE,Angel One Limited,EQ,05-OCT-2020,10,1,INE732I01013,10,INE732I01013,NSE_ONLY
ANMOL,Anmol India Limited,EQ,04-JUN-2021,10,1,INE02AR01019,10,INE02AR01019,NSE_ONLY
ANTHEM,Anthem Biosciences Limited,EQ,21-JUL-2025,2,1,INE0CZ201020,2,INE0CZ201020,NSE_ONLY
ANUHPHR,Anuh Pharma Limited,EQ,20-DEC-2024,5,1,INE489G01022,5,INE489G01022,NSE_ONLY
ANUP,The Anup Engineering Limited,EQ,01-MAR-2019,10,1,INE294Z01018,10,INE294Z01018,NSE_ONLY
ANURAS,Anupam Rasayan India Limited,EQ,24-MAR-2021,10,1,INE930P01018,10,INE930P01018,NSE_ONLY
APCOTEXIND,Apcotex Industries Limited,EQ,06-SEP-1995,2,1,INE116A01032,2,INE116A01032,NSE_ONLY
APLAPOLLO,APL Apollo Tubes Limited,EQ,14-DEC-2011,2,1,INE702C01027,2,INE702C01027,NSE_ONLY
APOLLO,Apollo Micro Systems Limited,EQ,22-JAN-2018,1,1,INE713T01028,1,INE713T01028,NSE_ONLY
APOLSINHOT,Apollo Sindoori Hotels Limited,EQ,28-JAN-2015,5,1,INE451F01024,5,INE451F01024,NSE_ONLY
APTUS,Aptus Value Housing Finance India Limited,EQ,24-AUG-2021,2,1,INE852O01025,2,INE852O01025,NSE_ONLY
ARFIN,Arfin India Limited,BE,22-JUL-2025,1,1,INE784R01023,1,INE784R01023,NSE_ONLY
ARIHANTCAP,Arihant Capital Markets Limited,EQ,15-JUN-2021,1,1,INE420B01036,1,INE420B01036,NSE_ONLY
ARISINFRA,Arisinfra Solutions Limited,EQ,25-JUN-2025,2,1,INE0H9P01028,2,INE0H9P01028,NSE_ONLY
ARKADE,Arkade Developers Limited,EQ,24-SEP-2024,10,1,INE0QRL01017,10,INE0QRL01017,NSE_ONLY
ARSSBL,Anand Rathi Share and Stock Brokers Limited,EQ,30-SEP-2025,5,1,INE549H01021,5,INE549H01021,NSE_ONLY
ARTEMISMED,Artemis Medicare Services Limited,EQ,23-JAN-2020,1,1,INE025R01021,1,INE025R01021,NSE_ONLY
ARTNIRMAN,Art Nirman Limited,EQ,18-OCT-2021,10,1,INE738V01013,10,INE738V01013,NSE_ONLY
ARVEE,Arvee Laboratories (India) Limited,EQ,22-MAR-2021,10,1,INE006Z01016,10,INE006Z01016,NSE_ONLY
ARVINDFASN,Arvind Fashions Limited,EQ,08-MAR-2019,4,1,INE955V01021,4,INE955V01021,NSE_ONLY
ASALCBR,Associated Alcohols & Breweries Ltd.,EQ,12-FEB-2020,10,1,INE073G01016,10,INE073G01016,NSE_ONLY
ASHOKAMET,Ashoka Metcast Limited,EQ,27-JUN-2023,10,1,INE760Y01011,10,INE760Y01011,NSE_ONLY
ASIANENE,Asian Energy Services Limited,EQ,09-DEC-2021,10,1,INE276G01015,10,INE276G01015,NSE_ONLY
ASKAUTOLTD,ASK Automotive Limited,EQ,15-NOV-2023,2,1,INE491J01022,2,INE491J01022,NSE_ONLY
ASMS,Bartronics India Limited,EQ,09-FEB-2023,1,1,INE855F01042,1,INE855F01042,NSE_ONLY
ASPINWALL,Aspinwall and Company Limited,EQ,14-JUN-2016,10,1,INE991I01015,10,INE991I01015,NSE_ONLY
ASTERDM,Aster DM Healthcare Limited,EQ,26-FEB-2018,10,1,INE914M01019,10,INE914M01019,NSE_ONLY
ASTRON,Astron Paper & Board Mill Limited,EQ,29-DEC-2017,10,1,INE646X01014,10,INE646X01014,NSE_ONLY
ATALREAL,Atal Realtech Limited,EQ,12-MAY-2023,2,1,INE0ALR01029,2,INE0ALR01029,NSE_ONLY
ATAM,Atam Valves Limited,EQ,10-MAY-2023,10,1,INE09KD01013,10,INE09KD01013,NSE_ONLY
ATGL,Adani Total Gas Limited,EQ,05-NOV-2018,1,1,INE399L01023,1,INE399L01023,NSE_ONLY
ATHERENERG,Ather Energy Limited,EQ,06-MAY-2025,1,1,INE0LEZ01016,1,INE0LEZ01016,NSE_ONLY
ATL,Allcargo Terminals Limited,EQ,10-AUG-2023,2,1,INE0NN701020,2,INE0NN701020,NSE_ONLY
ATLANTAELE,Atlanta Electricals Limited,EQ,29-SEP-2025,2,1,INE0Z4F01028,2,INE0Z4F01028,NSE_ONLY
AURIGROW,Auri Grow India Limited,EQ,24-DEC-2020,1,1,INE925Y01036,1,INE925Y01036,NSE_ONLY
AVALON,Avalon Technologies Limited,EQ,18-APR-2023,2,1,INE0LCL01028,2,INE0LCL01028,NSE_ONLY
AVANTEL,Avantel Limited,EQ,31-JUL-2024,2,1,INE005B01027,2,INE005B01027,NSE_ONLY
AVANTIFEED,Avanti Feeds Limited,EQ,15-APR-2015,1,1,INE871C01038,1,INE871C01038,NSE_ONLY
AVG,AVG Logistics Limited,EQ,12-MAY-2023,10,1,INE680Z01018,10,INE680Z01018,NSE_ONLY
AVL,Aditya Vision Limited,EQ,06-NOV-2024,1,1,INE679V01027,1,INE679V01027,NSE_ONLY
AVONMORE,Avonmore Capital & Management Services Limited,EQ,04-JAN-2023,1,1,INE323B01024,1,INE323B01024,NSE_ONLY
AVROIND,AVRO INDIA LIMITED,EQ,07-APR-2022,10,1,INE652Z01017,10,INE652Z01017,NSE_ONLY
AWFIS,Awfis Space Solutions Limited,EQ,30-MAY-2024,10,1,INE108V01019,10,INE108V01019,NSE_ONLY
AWHCL,Antony Waste Handling Cell Limited,EQ,01-JAN-2021,5,1,INE01BK01022,5,INE01BK01022,NSE_ONLY
AWL,AWL Agri Business Limited,EQ,08-FEB-2022,1,1,INE699H01024,1,INE699H01024,NSE_ONLY
AXITA,Axita Cotton Limited,EQ,21-JUN-2022,1,1,INE02EZ01022,1,INE02EZ01022,NSE_ONLY
AZAD,Azad Engineering Limited,EQ,28-DEC-2023,2,1,INE02IJ01035,2,INE02IJ01035,NSE_ONLY
BAFNAPH,Bafna Pharmaceuticals Limited,BE,27-FEB-2020,10,1,INE878I01022,10,INE878I01022,NSE_ONLY
BAIDFIN,Baid Finserv Limited,EQ,20-JAN-2023,2,1,INE020D01022,2,INE020D01022,NSE_ONLY
BAJAJFINSV,Bajaj Finserv Limited,EQ,26-MAY-2008,1,1,INE918I01026,1,INE918I01026,NSE_ONLY
BAJAJHCARE,Bajaj Healthcare Limited,EQ,25-NOV-2021,5,1,INE411U01027,5,INE411U01027,NSE_ONLY
BAJAJHFL,Bajaj Housing Finance Limited,EQ,16-SEP-2024,10,1,INE377Y01014,10,INE377Y01014,NSE_ONLY
BAJAJINDEF,Indef Manufacturing Limited,EQ,21-FEB-2025,1,1,INE0O9T01021,1,INE0O9T01021,NSE_ONLY
BAJEL,Bajel Projects Limited,EQ,19-DEC-2023,2,1,INE0KQN01018,2,INE0KQN01018,NSE_ONLY
BAJFINANCE,Bajaj Finance Limited,EQ,01-APR-2003,1,1,INE296A01032,1,INE296A01032,NSE_ONLY
BALAJEE,Shree Tirupati Balajee Agro Trading Company Limited,EQ,12-SEP-2024,10,1,INE0S2G01011,10,INE0S2G01011,NSE_ONLY
BALAXI,BALAXI PHARMACEUTICALS LIMITED,EQ,30-NOV-2015,2,1,INE618N01022,2,INE618N01022,NSE_ONLY
BANDHANBNK,Bandhan Bank Limited,EQ,27-MAR-2018,10,1,INE545U01014,10,INE545U01014,NSE_ONLY
BANKA,Banka BioLoo Limited,EQ,29-OCT-2020,10,1,INE862Y01015,10,INE862Y01015,NSE_ONLY
BANSALWIRE,Bansal Wire Industries Limited,EQ,10-JUL-2024,5,1,INE0B9K01025,5,INE0B9K01025,NSE_ONLY
BANSWRAS,Banswara Syntex Limited,EQ,11-APR-2007,5,1,INE629D01020,5,INE629D01020,NSE_ONLY
BASML,Bannari Amman Spinning Mills Limited,EQ,14-NOV-2005,5,1,INE186H01022,5,INE186H01022,NSE_ONLY
BBL,Bharat Bijlee Limited,EQ,21-NOV-2006,5,1,INE464A01036,5,INE464A01036,NSE_ONLY
BBOX,Black Box Limited,EQ,22-JUL-2003,2,1,INE676A01027,2,INE676A01027,NSE_ONLY
BBTCL,B&B Triplewall Containers Limited,EQ,23-NOV-2022,10,1,INE01EE01011,10,INE01EE01011,NSE_ONLY
BCLIND,Bcl Industries Limited,EQ,04-MAR-2021,1,1,INE412G01024,1,INE412G01024,NSE_ONLY
BCONCEPTS,Brand Concepts Limited,BE,11-JAN-2022,10,1,INE977Y01011,10,INE977Y01011,NSE_ONLY
BDL,Bharat Dynamics Limited,EQ,23-MAR-2018,5,1,INE171Z01026,5,INE171Z01026,NSE_ONLY
BECTORFOOD,Mrs. Bectors Food Specialities Limited,EQ,24-DEC-2020,10,1,INE495P01012,10,INE495P01012,NSE_ONLY
BELRISE,Belrise Industries Limited,EQ,28-MAY-2025,5,1,INE894V01022,5,INE894V01022,NSE_ONLY
BEML,BEML Limited,EQ,05-NOV-2003,5,1,INE258A01024,5,INE258A01024,NSE_ONLY
BETA,Beta Drugs Limited,EQ,24-NOV-2025,10,1,INE351Y01019,10,INE351Y01019,NSE_ONLY
BHAGCHEM,Bhagiradha Chemicals & Industries Limited,EQ,18-OCT-2021,1,1,INE414D01027,1,INE414D01027,NSE_ONLY
BHARATSE,Bharat Seats Limited,EQ,24-MAR-2025,2,1,INE415D01024,2,INE415D01024,NSE_ONLY
BHARTIHEXA,Bharti Hexacom Limited,EQ,12-APR-2024,5,1,INE343G01021,5,INE343G01021,NSE_ONLY
BIGBLOC,Bigbloc Construction Limited,EQ,02-SEP-2016,2,1,INE412U01025,2,INE412U01025,NSE_ONLY
BIKAJI,Bikaji Foods International Limited,EQ,16-NOV-2022,1,1,INE00E101023,1,INE00E101023,NSE_ONLY
BLACKBUCK,BLACKBUCK LIMITED,EQ,22-NOV-2024,1,1,INE0UIZ01018,1,INE0UIZ01018,NSE_ONLY
BLAL,BEML Land Assets Limited,EQ,19-APR-2023,10,1,INE0N7W01012,10,INE0N7W01012,NSE_ONLY
BLSE,BLS E-Services Limited,EQ,06-FEB-2024,10,1,INE0NLT01010,10,INE0NLT01010,NSE_ONLY
BLUEJET,Blue Jet Healthcare Limited,EQ,01-NOV-2023,2,1,INE0KBH01020,2,INE0KBH01020,NSE_ONLY
BLUESTONE,BlueStone Jewellery and Lifestyle Limited,EQ,19-AUG-2025,1,1,INE304W01038,1,INE304W01038,NSE_ONLY
BLUSPRING,Bluspring Enterprises Limited,EQ,11-JUN-2025,10,1,INE0U4101014,10,INE0U4101014,NSE_ONLY
BMWVENTLTD,BMW Ventures Limited,EQ,01-OCT-2025,10,1,INE965W01036,10,INE965W01036,NSE_ONLY
BOHRAIND,Bohra Industries Limited,EQ,27-OCT-2022,10,1,INE802W01023,10,INE802W01023,NSE_ONLY
BORANA,Borana Weaves Limited,BE,27-MAY-2025,10,1,INE16SF01016,10,INE16SF01016,NSE_ONLY
BOROLTD,Borosil Limited,EQ,22-JUL-2020,1,1,INE02PY01013,1,INE02PY01013,NSE_ONLY
BOROSCI,Borosil Scientific Limited,EQ,07-JUN-2024,1,1,INE02L001032,1,INE02L001032,NSE_ONLY
BRIGHOTEL,Brigade Hotel Ventures Limited,EQ,31-JUL-2025,10,1,INE03NU01014,10,INE03NU01014,NSE_ONLY
BRITANNIA,Britannia Industries Limited,EQ,05-NOV-1998,1,1,INE216A01030,1,INE216A01030,NSE_ONLY
BSE,BSE Limited,EQ,03-FEB-2017,2,1,INE118H01025,2,INE118H01025,NSE_ONLY
BSHSL,Bombay Super Hybrid Seeds Limited,EQ,28-OCT-2020,1,1,INE032Z01020,1,INE032Z01020,NSE_ONLY
BTML,Bodhi Tree Multimedia Limited,EQ,15-FEB-2023,1,1,INE0EEJ01023,1,INE0EEJ01023,NSE_ONLY
CAMPUS,Campus Activewear Limited,EQ,09-MAY-2022,5,1,INE278Y01022,5,INE278Y01022,NSE_ONLY
CAMS,Computer Age Management Services Limited,EQ,07-MAY-2021,2,1,INE596I01020,2,INE596I01020,NSE_ONLY
CANBK,Canara Bank,EQ,23-DEC-2002,2,1,INE476A01022,2,INE476A01022,NSE_ONLY
CANHLIFE,Canara HSBC Life Insurance Company Limited,EQ,17-OCT-2025,10,1,INE01TY01017,10,INE01TY01017,NSE_ONLY
CANTABIL,Cantabil Retail India Limited,EQ,12-OCT-2010,2,1,INE068L01024,2,INE068L01024,NSE_ONLY
CAPILLARY,Capillary Technologies India Limited,EQ,21-NOV-2025,2,1,INE0ILV01024,2,INE0ILV01024,NSE_ONLY
CAPITALSFB,Capital Small Finance Bank Limited,EQ,14-FEB-2024,10,1,INE646H01017,10,INE646H01017,NSE_ONLY
CARRARO,Carraro India Limited,EQ,30-DEC-2024,10,1,INE0V7W01012,10,INE0V7W01012,NSE_ONLY
CARTRADE,Cartrade Tech Limited,EQ,20-AUG-2021,10,1,INE290S01011,10,INE290S01011,NSE_ONLY
CARYSIL,CARYSIL LIMITED,EQ,14-JAN-2021,2,1,INE482D01024,2,INE482D01024,NSE_ONLY
CDSL,Central Depository Services (India) Limited,EQ,30-JUN-2017,10,1,INE736A01011,10,INE736A01011,NSE_ONLY
CEIGALL,Ceigall India Limited,EQ,08-AUG-2024,5,1,INE0AG901020,5,INE0AG901020,NSE_ONLY
CELLO,Cello World Limited,EQ,06-NOV-2023,5,1,INE0LMW01024,5,INE0LMW01024,NSE_ONLY
CESC,CESC Limited,EQ,08-FEB-1995,1,1,INE486A01021,1,INE486A01021,NSE_ONLY
CEWATER,Concord Enviro Systems Limited,EQ,27-DEC-2024,5,1,INE037Z01029,5,INE037Z01029,NSE_ONLY
CGCL,Capri Global Capital Limited,EQ,29-OCT-2010,1,1,INE180C01042,1,INE180C01042,NSE_ONLY
CHALET,Chalet Hotels Limited,EQ,07-FEB-2019,10,1,INE427F01016,10,INE427F01016,NSE_ONLY
CHEMBOND,Chembond Material Technologies Limited,EQ,20-NOV-2019,5,1,INE995D01025,5,INE995D01025,NSE_ONLY
CHEMBONDCH,Chembond Chemicals Limited,EQ,23-JUL-2025,5,1,INE0TGX01019,5,INE0TGX01019,NSE_ONLY
CHEMCON,Chemcon Speciality Chemicals Limited,EQ,01-OCT-2020,10,1,INE03YM01018,10,INE03YM01018,NSE_ONLY
CHEMFAB,Chemfab Alkalis Limited,EQ,25-APR-2018,10,1,INE783X01023,10,INE783X01023,NSE_ONLY
CHEMPLASTS,Chemplast Sanmar Limited,EQ,24-AUG-2021,5,1,INE488A01050,5,INE488A01050,NSE_ONLY
CHEVIOT,Cheviot Company Limited,EQ,20-JUN-2022,10,1,INE974B01016,10,INE974B01016,NSE_ONLY
CHOICEIN,Choice International Limited,EQ,08-APR-2022,10,1,INE102B01014,10,INE102B01014,NSE_ONLY
CHOLAFIN,Cholamandalam Investment and Finance Company Limited,EQ,15-MAY-1996,2,1,INE121A01024,2,INE121A01024,NSE_ONLY
CIFL,Capital India Finance Limited,EQ,17-APR-2025,2,1,INE345H01024,2,INE345H01024,NSE_ONLY
CLEAN,Clean Science and Technology Limited,EQ,19-JUL-2021,1,1,INE227W01023,1,INE227W01023,NSE_ONLY
CLEDUCATE,CL Educate Limited,EQ,31-MAR-2017,5,1,INE201M01029,5,INE201M01029,NSE_ONLY
CLSEL,Chaman Lal Setia Exports Limited,EQ,12-MAY-2021,2,1,INE419D01026,2,INE419D01026,NSE_ONLY
CMSINFO,CMS Info Systems Limited,EQ,31-DEC-2021,10,1,INE925R01014,10,INE925R01014,NSE_ONLY
COASTCORP,Coastal Corporation Limited,BE,08-OCT-2021,2,1,INE377E01024,2,INE377E01024,NSE_ONLY
COCHINSHIP,Cochin Shipyard Limited,EQ,11-AUG-2017,5,1,INE704P01025,5,INE704P01025,NSE_ONLY
COFORGE,Coforge Limited,EQ,30-AUG-2004,2,1,INE591G01025,2,INE591G01025,NSE_ONLY
COHANCE,Cohance Lifesciences Limited,EQ,09-MAR-2020,1,1,INE03QK01018,1,INE03QK01018,NSE_ONLY
CONCOR,Container Corporation of India Limited,EQ,07-MAY-1997,5,1,INE111A01025,5,INE111A01025,NSE_ONLY
CONCORDBIO,Concord Biotech Limited,EQ,18-AUG-2023,1,1,INE338H01029,1,INE338H01029,NSE_ONLY
CONFIPET,Confidence Petroleum India Limited,EQ,13-JUN-2019,1,1,INE552D01024,1,INE552D01024,NSE_ONLY
CPEDU,Career Point Edutech Limited,EQ,05-SEP-2025,10,1,INE0P6P01016,10,INE0P6P01016,NSE_ONLY
CPPLUS,Aditya Infotech Limited,EQ,05-AUG-2025,1,1,INE819V01029,1,INE819V01029,NSE_ONLY
CRAFTSMAN,Craftsman Automation Limited,EQ,25-MAR-2021,5,1,INE00LO01017,5,INE00LO01017,NSE_ONLY
CRAMC,Canara Robeco Asset Management Company Limited,EQ,16-OCT-2025,10,1,INE218I01013,10,INE218I01013,NSE_ONLY
CREATIVE,Creative Newtech Limited,EQ,05-AUG-2019,10,1,INE985W01018,10,INE985W01018,NSE_ONLY
CREDITACC,CREDITACCESS GRAMEEN LIMITED,EQ,23-AUG-2018,10,1,INE741K01010,10,INE741K01010,NSE_ONLY
CRIZAC,Crizac Limited,EQ,09-JUL-2025,2,1,INE0S4R01014,2,INE0S4R01014,NSE_ONLY
CROWN,Crown Lifters Limited,EQ,08-FEB-2022,10,1,INE491V01019,10,INE491V01019,NSE_ONLY
CSBBANK,CSB Bank Limited,EQ,04-DEC-2019,10,1,INE679A01013,10,INE679A01013,NSE_ONLY
CUPID,Cupid Limited,EQ,16-SEP-2016,1,1,INE509F01029,1,INE509F01029,NSE_ONLY
CURAA,Cura Technologies Limited,BE,21-MAR-2025,10,1,INE117B01020,10,INE117B01020,NSE_ONLY
CYIENTDLM,Cyient DLM Limited,EQ,10-JUL-2023,10,1,INE055S01018,10,INE055S01018,NSE_ONLY
DALBHARAT,Dalmia Bharat Limited,EQ,22-JAN-2019,2,1,INE00R701025,2,INE00R701025,NSE_ONLY
DAMCAPITAL,Dam Capital Advisors Limited,EQ,27-DEC-2024,2,1,INE284H01025,2,INE284H01025,NSE_ONLY
DAMODARIND,Damodar Industries Limited,EQ,04-JUL-2016,5,1,INE497D01022,5,INE497D01022,NSE_ONLY
DANGEE,Dangee Dums Limited,EQ,13-NOV-2020,1,1,INE688Y01022,1,INE688Y01022,NSE_ONLY
DATAPATTNS,Data Patterns (India) Limited,EQ,24-DEC-2021,2,1,INE0IX101010,2,INE0IX101010,NSE_ONLY
DAVANGERE,Davangere Sugar Company Limited,EQ,25-JAN-2024,1,1,INE179G01029,1,INE179G01029,NSE_ONLY
DBEIL,Deepak Builders & Engineers India Limited,EQ,28-OCT-2024,10,1,INE0OPA01019,10,INE0OPA01019,NSE_ONLY
DBOL,Dhampur Bio Organics Limited,EQ,08-SEP-2022,10,1,INE0I3401014,10,INE0I3401014,NSE_ONLY
DCI,Dc Infotech And Communication Limited,EQ,19-OCT-2022,10,1,INE0A1101019,10,INE0A1101019,NSE_ONLY
DCMNVL,DCM Nouvelle Limited,EQ,16-JUL-2019,10,1,INE08KP01019,10,INE08KP01019,NSE_ONLY
DCMSRIND,DCM Shriram Industries Limited,EQ,24-DEC-2021,2,1,INE843D01027,2,INE843D01027,NSE_ONLY
DCXINDIA,DCX Systems Limited,EQ,11-NOV-2022,2,1,INE0KL801015,2,INE0KL801015,NSE_ONLY
DDEVPLSTIK,Ddev Plastiks Industries Limited,EQ,15-JAN-2025,1,1,INE0HR601026,1,INE0HR601026,NSE_ONLY
DEEDEV,DEE Development Engineers Limited,EQ,26-JUN-2024,10,1,INE841L01016,10,INE841L01016,NSE_ONLY
DEEPINDS,Deep Industries Limited,EQ,27-APR-2021,5,1,INE0FHS01024,5,INE0FHS01024,NSE_ONLY
DELHIVERY,Delhivery Limited,EQ,24-MAY-2022,1,1,INE148O01028,1,INE148O01028,NSE_ONLY
DENTA,Denta Water and Infra Solutions Limited,EQ,29-JAN-2025,10,1,INE0R4L01018,10,INE0R4L01018,NSE_ONLY
DEVIT,Dev Information Technology Limited,EQ,15-FEB-2022,2,1,INE060X01034,2,INE060X01034,NSE_ONLY
DEVX,Dev Accelerator Limited,EQ,17-SEP-2025,2,1,INE0VOV01021,2,INE0VOV01021,NSE_ONLY
DEVYANI,Devyani International Limited,EQ,16-AUG-2021,1,1,INE872J01023,1,INE872J01023,NSE_ONLY
DGCONTENT,Digicontent Limited,EQ,18-JUN-2019,2,1,INE03JI01017,2,INE03JI01017,NSE_ONLY
DHARAN,DHARAN INFRA-EPC LIMITED,BZ,02-APR-2018,1,1,INE278R01034,1,INE278R01034,NSE_ONLY
DHARMAJ,Dharmaj Crop Guard Limited,EQ,08-DEC-2022,10,1,INE00OQ01016,10,INE00OQ01016,NSE_ONLY
DHRUV,Dhruv Consultancy Services Limited,EQ,25-NOV-2021,10,1,INE506Z01015,10,INE506Z01015,NSE_ONLY
DIACABS,Diamond Power Infrastructure Limited,EQ,15-SEP-2023,1,1,INE989C01038,1,INE989C01038,NSE_ONLY
DIAMINESQ,Diamines & Chemicals Limited,EQ,25-SEP-2023,10,1,INE591D01014,10,INE591D01014,NSE_ONLY
DIFFNKG,Diffusion Engineers Limited,EQ,04-OCT-2024,10,1,INE184O01015,10,INE184O01015,NSE_ONLY
DIGIDRIVE,Digidrive Distributors Limited,EQ,10-JAN-2024,10,1,INE0PSC01024,10,INE0PSC01024,NSE_ONLY
DIGITIDE,Digitide Solutions Limited,EQ,11-JUN-2025,10,1,INE0U4701011,10,INE0U4701011,NSE_ONLY
DIGJAMLMTD,Digjam Limited,EQ,18-OCT-2021,10,1,INE731U01028,10,INE731U01028,NSE_ONLY
DIL,Debock Industries Limited,EQ,31-MAR-2022,10,1,INE411Y01011,10,INE411Y01011,NSE_ONLY
DIVGIITTS,Divgi Torqtransfer Systems Limited,EQ,14-MAR-2023,5,1,INE753U01022,5,INE753U01022,NSE_ONLY
DIXON,Dixon Technologies (India) Limited,EQ,18-SEP-2017,2,1,INE935N01020,2,INE935N01020,NSE_ONLY
DJML,DJ Mediaprint & Logistics Limited,EQ,05-DEC-2022,10,1,INE0B1K01014,10,INE0B1K01014,NSE_ONLY
DMCC,DMCC SPECIALITY CHEMICALS LIMITED,EQ,01-DEC-2021,10,1,INE505A01010,10,INE505A01010,NSE_ONLY
DNAMEDIA,Diligent Media Corporation Limited,EQ,11-DEC-2017,1,1,INE016M01021,1,INE016M01021,NSE_ONLY
DODLA,Dodla Dairy Limited,EQ,28-JUN-2021,10,1,INE021O01019,10,INE021O01019,NSE_ONLY
DOLLAR,Dollar Industries Limited,EQ,21-APR-2017,2,1,INE325C01035,2,INE325C01035,NSE_ONLY
DOLPHIN,Dolphin Offshore Enterprises (India) Limited,EQ,21-AUG-2023,1,1,INE920A01037,1,INE920A01037,NSE_ONLY
DOMS,DOMS Industries Limited,EQ,20-DEC-2023,10,1,INE321T01012,10,INE321T01012,NSE_ONLY
DPABHUSHAN,D. P. Abhushan Limited,EQ,03-NOV-2020,10,1,INE266Y01019,10,INE266Y01019,NSE_ONLY
DPSCLTD,DPSC Limited,EQ,21-APR-2008,1,1,INE360C01024,1,INE360C01024,NSE_ONLY
DPWIRES,D P Wires Limited,EQ,17-JAN-2020,10,1,INE864X01013,10,INE864X01013,NSE_ONLY
DRCSYSTEMS,DRC Systems India Limited,EQ,10-MAR-2021,1,1,INE03RS01027,1,INE03RS01027,NSE_ONLY
DREAMFOLKS,Dreamfolks Services Limited,EQ,06-SEP-2022,2,1,INE0JS101016,2,INE0JS101016,NSE_ONLY
DRREDDY,Dr. Reddy's Laboratories Limited,EQ,30-MAY-2003,1,1,INE089A01031,1,INE089A01031,NSE_ONLY
DYCL,Dynamic Cables Limited,EQ,27-JUL-2022,10,1,INE600Y01019,10,INE600Y01019,NSE_ONLY
E2E,E2E Networks Limited,EQ,12-APR-2022,10,1,INE255Z01019,10,INE255Z01019,NSE_ONLY
EASEMYTRIP,Easy Trip Planners Limited,EQ,19-MAR-2021,1,1,INE07O001026,1,INE07O001026,NSE_ONLY
EBGNG,GNG Electronics Limited,EQ,30-JUL-2025,2,1,INE18JU01028,2,INE18JU01028,NSE_ONLY
ECOSMOBLTY,Ecos (India) Mobility & Hospitality Limited,EQ,04-SEP-2024,2,1,INE06HJ01020,2,INE06HJ01020,NSE_ONLY
EFCIL,EFC (I) Limited,EQ,20-AUG-2025,2,1,INE886D01026,2,INE886D01026,NSE_ONLY
EICHERMOT,Eicher Motors Limited,EQ,07-SEP-2004,1,1,INE066A01021,1,INE066A01021,NSE_ONLY
EIEL,Enviro Infra Engineers Limited,EQ,29-NOV-2024,10,1,INE0LLY01014,10,INE0LLY01014,NSE_ONLY
EIFFL,Euro India Fresh Foods Limited,EQ,12-OCT-2021,10,1,INE546V01010,10,INE546V01010,NSE_ONLY
ELDEHSG,Eldeco Housing And Industries Limited,EQ,12-APR-2022,2,1,INE668G01021,2,INE668G01021,NSE_ONLY
ELECON,Elecon Engineering Company Limited,EQ,29-SEP-2006,1,1,INE205B01031,1,INE205B01031,NSE_ONLY
ELGIRUBCO,Elgi Rubber Company Limited,EQ,10-AUG-2011,1,1,INE819L01012,1,INE819L01012,NSE_ONLY
ELIN,Elin Electronics Limited,EQ,30-DEC-2022,5,1,INE050401020,5,INE050401020,NSE_ONLY
ELLEN,Ellenbarrie Industrial Gases Limited,EQ,01-JUL-2025,2,1,INE236E01022,2,INE236E01022,NSE_ONLY
EMAMIPAP,Emami Paper Mills Limited,EQ,30-MAY-2019,2,1,INE830C01026,2,INE830C01026,NSE_ONLY
EMCURE,Emcure Pharmaceuticals Limited,EQ,10-JUL-2024,10,1,INE168P01015,10,INE168P01015,NSE_ONLY
EMIL,Electronics Mart India Limited,EQ,17-OCT-2022,10,1,INE02YR01019,10,INE02YR01019,NSE_ONLY
EMMVEE,Emmvee Photovoltaic Power Limited,EQ,18-NOV-2025,2,1,INE1C6T01020,2,INE1C6T01020,NSE_ONLY
EMSLIMITED,EMS Limited,EQ,21-SEP-2023,10,1,INE0OV601013,10,INE0OV601013,NSE_ONLY
EMUDHRA,eMudhra Limited,EQ,01-JUN-2022,5,1,INE01QM01018,5,INE01QM01018,NSE_ONLY
ENRIN,Siemens Energy India Limited,EQ,19-JUN-2025,2,1,INE1NPP01017,2,INE1NPP01017,NSE_ONLY
ENTERO,Entero Healthcare Solutions Limited,EQ,16-FEB-2024,10,1,INE010601016,10,INE010601016,NSE_ONLY
EPACK,EPACK Durable Limited,EQ,30-JAN-2024,10,1,INE0G5901015,10,INE0G5901015,NSE_ONLY
EPACKPEB,EPack Prefab Technologies Limited,EQ,01-OCT-2025,2,1,INE0MLS01022,2,INE0MLS01022,NSE_ONLY
EPIGRAL,Epigral Limited,EQ,18-AUG-2021,10,1,INE071N01016,10,INE071N01016,NSE_ONLY
EQUIPPP,Equippp Social Impact Technologies Limited,BE,19-MAY-2021,1,1,INE217G01035,1,INE217G01035,NSE_ONLY
EQUITASBNK,Equitas Small Finance Bank Limited,EQ,02-NOV-2020,10,1,INE063P01018,10,INE063P01018,NSE_ONLY
ESAFSFB,ESAF Small Finance Bank Limited,EQ,10-NOV-2023,10,1,INE818W01011,10,INE818W01011,NSE_ONLY
ESSENTIA,Integra Essentia Limited,EQ,20-AUG-2013,1,1,INE418N01035,1,INE418N01035,NSE_ONLY
ETERNAL,ETERNAL LIMITED,EQ,23-JUL-2021,1,1,INE758T01015,1,INE758T01015,NSE_ONLY
ETHOSLTD,Ethos Limited,EQ,30-MAY-2022,10,1,INE04TZ01018,10,INE04TZ01018,NSE_ONLY
EUREKAFORB,Eureka Forbes Limited,EQ,11-SEP-2024,10,1,INE0KCE01017,10,INE0KCE01017,NSE_ONLY
EUROBOND,Euro Panel Products Limited,EQ,01-AUG-2025,10,1,INE505V01016,10,INE505V01016,NSE_ONLY
EUROPRATIK,Euro Pratik Sales Limited,EQ,23-SEP-2025,1,1,INE198501012,1,INE198501012,NSE_ONLY
EXCEL,Excel Realty N Infra Limited,EQ,03-AUG-2009,1,1,INE688J01023,1,INE688J01023,NSE_ONLY
EXCELSOFT,Excelsoft Technologies Limited,EQ,26-NOV-2025,10,1,INE606N01019,10,INE606N01019,NSE_ONLY
EXICOM,Exicom Tele-Systems Limited,EQ,05-MAR-2024,10,1,INE777F01014,10,INE777F01014,NSE_ONLY
EXXARO,Exxaro Tiles Limited,BE,16-AUG-2021,1,1,INE0GFE01026,1,INE0GFE01026,NSE_ONLY
FABTECH,Fabtech Technologies Limited,EQ,07-OCT-2025,10,1,INE0HF201011,10,INE0HF201011,NSE_ONLY
FAIRCHEMOR,Fairchem Organics Limited,EQ,24-DEC-2020,10,1,INE0DNW01011,10,INE0DNW01011,NSE_ONLY
FAZE3Q,Faze Three Limited,EQ,18-NOV-2022,10,1,INE963C01033,10,INE963C01033,NSE_ONLY
FCL,Fineotex Chemical Limited,EQ,15-JAN-2015,1,1,INE045J01034,1,INE045J01034,NSE_ONLY
FEDFINA,Fedbank Financial Services Limited,EQ,30-NOV-2023,10,1,INE007N01010,10,INE007N01010,NSE_ONLY
FIBERWEB,Fiberweb (India) Limited,EQ,16-FEB-2022,10,1,INE296C01020,10,INE296C01020,NSE_ONLY
FILATEX,Filatex India Limited,EQ,29-AUG-2011,1,1,INE816B01035,1,INE816B01035,NSE_ONLY
FILATFASH,Filatex Fashions Limited,EQ,06-MAY-2024,1,1,INE185E01021,1,INE185E01021,NSE_ONLY
FINEORG,Fine Organic Industries Limited,EQ,02-JUL-2018,5,1,INE686Y01026,5,INE686Y01026,NSE_ONLY
FINOPB,Fino Payments Bank Limited,EQ,12-NOV-2021,10,1,INE02NC01014,10,INE02NC01014,NSE_ONLY
FINPIPE,Finolex Industries Limited,EQ,08-FEB-1995,2,1,INE183A01024,2,INE183A01024,NSE_ONLY
FIRSTCRY,Brainbees Solutions Limited,EQ,13-AUG-2024,2,1,INE02RE01045,2,INE02RE01045,NSE_ONLY
FISCHER,Fischer Medical Ventures Limited,EQ,10-JUL-2025,1,1,INE771F01041,1,INE771F01041,NSE_ONLY
FIVESTAR,Five-Star Business Finance Limited,EQ,21-NOV-2022,1,1,INE128S01021,1,INE128S01021,NSE_ONLY
FLAIR,Flair Writing Industries Limited,EQ,01-DEC-2023,5,1,INE00Y201027,5,INE00Y201027,NSE_ONLY
FLUOROCHEM,Gujarat Fluorochemicals Limited,EQ,16-OCT-2019,1,1,INE09N301011,1,INE09N301011,NSE_ONLY
FOCUS,Focus Lighting and Fixtures Limited,EQ,24-NOV-2021,2,1,INE593W01028,2,INE593W01028,NSE_ONLY
FOODSIN,Foods & Inns Limited,EQ,16-NOV-2021,1,1,INE976E01023,1,INE976E01023,NSE_ONLY
FUSION,Fusion Finance Limited,EQ,15-NOV-2022,10,1,INE139R01012,10,INE139R01012,NSE_ONLY
GAEL,Gujarat Ambuja Exports Limited,EQ,11-OCT-2000,1,1,INE036B01030,1,INE036B01030,NSE_ONLY
GALAPREC,Gala Precision Engineering Limited,EQ,09-SEP-2024,10,1,INE0RE001014,10,INE0RE001014,NSE_ONLY
GALAXYSURF,Galaxy Surfactants Limited,EQ,08-FEB-2018,10,1,INE600K01018,10,INE600K01018,NSE_ONLY
GANDHAR,Gandhar Oil Refinery (India) Limited,EQ,30-NOV-2023,2,1,INE717W01049,2,INE717W01049,NSE_ONLY
GANESHBE,Ganesh Benzoplast Limited,EQ,16-SEP-2021,1,1,INE388A01029,1,INE388A01029,NSE_ONLY
GANESHCP,Ganesh Consumer Products Limited,EQ,29-SEP-2025,10,1,INE652V01016,10,INE652V01016,NSE_ONLY
GANGAFORGE,Ganga Forging Limited,EQ,06-JUL-2021,1,1,INE691Z01023,1,INE691Z01023,NSE_ONLY
GARUDA,Garuda Construction and Engineering Limited,EQ,15-OCT-2024,5,1,INE0JVO01026,5,INE0JVO01026,NSE_ONLY
GATEWAY,Gateway Distriparks Limited,EQ,22-MAR-2022,10,1,INE079J01017,10,INE079J01017,NSE_ONLY
GAYAHWS,Gayatri Highways Limited,BE,28-JUN-2018,2,1,INE287Z01012,2,INE287Z01012,NSE_ONLY
GCSL,Gretex Corporate Services Limited,BE,04-SEP-2025,10,1,INE199P01028,10,INE199P01028,NSE_ONLY
GEEKAYWIRE,Geekay Wires Limited,EQ,06-MAR-2020,1,1,INE669X01032,1,INE669X01032,NSE_ONLY
GEMAROMA,Gem Aromatics Limited,EQ,26-AUG-2025,2,1,INE06XZ01023,2,INE06XZ01023,NSE_ONLY
GENCON,Generic Engineering Construction and Projects Limited,EQ,16-FEB-2021,5,1,INE854S01022,5,INE854S01022,NSE_ONLY
GENSOL,Gensol Engineering Limited,BZ,03-JUL-2023,10,1,INE06H201014,10,INE06H201014,NSE_ONLY
GHCLTEXTIL,GHCL Textiles Limited,EQ,12-JUN-2023,2,1,INE0PA801013,2,INE0PA801013,NSE_ONLY
GKENERGY,GK Energy Limited,EQ,26-SEP-2025,2,1,INE1AG301022,2,INE1AG301022,NSE_ONLY
GKWLIMITED,GKW Limited,EQ,20-JUL-2009,10,1,INE528A01020,10,INE528A01020,NSE_ONLY
GLAND,Gland Pharma Limited,EQ,20-NOV-2020,1,1,INE068V01023,1,INE068V01023,NSE_ONLY
GLOBAL,Global Education Limited,BE,07-DEC-2020,2,1,INE291W01037,2,INE291W01037,NSE_ONLY
GLOBALE,Globale Tessile Limited,EQ,27-AUG-2024,10,1,INE0URU01010,10,INE0URU01010,NSE_ONLY
GLOBE,GLOBE ENTERPRISES (INDIA) LIMITED,EQ,07-OCT-2020,2,1,INE581X01021,2,INE581X01021,NSE_ONLY
GLOBECIVIL,Globe Civil Projects Limited,EQ,01-JUL-2025,10,1,INE0V3U01015,10,INE0V3U01015,NSE_ONLY
GLOSTERLTD,Gloster Limited,EQ,26-APR-2024,10,1,INE350Z01018,10,INE350Z01018,NSE_ONLY
GLOTTIS,Glottis Limited,EQ,07-OCT-2025,2,1,INE0TQE01026,2,INE0TQE01026,NSE_ONLY
GMMPFAUDLR,GMM Pfaudler Limited,EQ,05-MAR-2018,2,1,INE541A01023,2,INE541A01023,NSE_ONLY
GMRP&UI,GMR Power and Urban Infra Limited,EQ,23-MAR-2022,5,1,INE0CU601026,5,INE0CU601026,NSE_ONLY
GOCOLORS,Go Fashion (India) Limited,EQ,30-NOV-2021,10,1,INE0BJS01011,10,INE0BJS01011,NSE_ONLY
GODAVARIB,Godavari Biorefineries Limited,EQ,30-OCT-2024,10,1,INE497S01012,10,INE497S01012,NSE_ONLY
GODIGIT,Go Digit General Insurance Limited,EQ,23-MAY-2024,10,1,INE03JT01014,10,INE03JT01014,NSE_ONLY
GOKULAGRO,Gokul Agro Resources Limited,EQ,11-MAR-2016,1,1,INE314T01033,1,INE314T01033,NSE_ONLY
GOLDIAM,Goldiam International Limited,EQ,29-AUG-2005,2,1,INE025B01025,2,INE025B01025,NSE_ONLY
GOPAL,Gopal Snacks Limited,EQ,14-MAR-2024,1,1,INE0L9R01028,1,INE0L9R01028,NSE_ONLY
GOYALALUM,Goyal Aluminiums Limited,EQ,04-NOV-2022,1,1,INE705X01026,1,INE705X01026,NSE_ONLY
GPIL,Godawari Power And Ispat limited,EQ,25-APR-2006,1,1,INE177H01039,1,INE177H01039,NSE_ONLY
GPTHEALTH,GPT Healthcare Limited,EQ,29-FEB-2024,10,1,INE486R01017,10,INE486R01017,NSE_ONLY
GREENLAM,Greenlam Industries Limited,EQ,02-MAR-2015,1,1,INE544R01021,1,INE544R01021,NSE_ONLY
GREENPANEL,Greenpanel Industries Limited,EQ,23-OCT-2019,1,1,INE08ZM01014,1,INE08ZM01014,NSE_ONLY
GRINFRA,G R Infraprojects Limited,EQ,19-JUL-2021,5,1,INE201P01022,5,INE201P01022,NSE_ONLY
GRMOVER,GRM Overseas Limited,EQ,07-SEP-2022,2,1,INE192H01020,2,INE192H01020,NSE_ONLY
GROBTEA,The Grob Tea Company Limited,EQ,14-JUL-2016,10,1,INE646C01018,10,INE646C01018,NSE_ONLY
GROWW,Billionbrains Garage Ventures Limited,EQ,12-NOV-2025,2,1,INE0HOQ01053,2,INE0HOQ01053,NSE_ONLY
GRSE,Garden Reach Shipbuilders & Engineers Limited,EQ,10-OCT-2018,10,1,INE382Z01011,10,INE382Z01011,NSE_ONLY
GSLSU,Global Surfaces Limited,BE,23-MAR-2023,10,1,INE0JSX01015,10,INE0JSX01015,NSE_ONLY
GTECJAINX,G-TEC JAINX EDUCATION LIMITED,EQ,13-NOV-2020,10,1,INE586X01012,10,INE586X01012,NSE_ONLY
GUJGASLTD,Gujarat Gas Limited,EQ,15-SEP-2015,2,1,INE844O01030,2,INE844O01030,NSE_ONLY
GUJTHEM,Gujarat Themis Biosyn Limited,EQ,25-FEB-2025,1,1,INE942C01045,1,INE942C01045,NSE_ONLY
GVPTECH,GVP Infotech Limited,EQ,06-SEP-2022,2,1,INE382T01030,2,INE382T01030,NSE_ONLY
HAL,Hindustan Aeronautics Limited,EQ,28-MAR-2018,5,1,INE066F01020,5,INE066F01020,NSE_ONLY
HAPPSTMNDS,Happiest Minds Technologies Limited,EQ,17-SEP-2020,2,1,INE419U01012,2,INE419U01012,NSE_ONLY
HAPPYFORGE,Happy Forgings Limited,EQ,27-DEC-2023,2,1,INE330T01021,2,INE330T01021,NSE_ONLY
HARDWYN,Hardwyn India Limited,EQ,12-APR-2022,1,1,INE626Z01029,1,INE626Z01029,NSE_ONLY
HARIOMPIPE,Hariom Pipe Industries Limited,EQ,13-APR-2022,10,1,INE00EV01017,10,INE00EV01017,NSE_ONLY
HARSHA,Harsha Engineers International Limited,EQ,26-SEP-2022,10,1,INE0JUS01029,10,INE0JUS01029,NSE_ONLY
HAVISHA,Sri Havisha Hospitality and Infrastructure Limited,EQ,16-FEB-2000,2,1,INE293B01029,2,INE293B01029,NSE_ONLY
HBSL,HB Stockholdings Limited,BE,23-JUL-2018,10,1,INE550B01022,10,INE550B01022,NSE_ONLY
HDBFS,HDB Financial Services Limited,EQ,02-JUL-2025,10,1,INE756I01012,10,INE756I01012,NSE_ONLY
HDFCAMC,HDFC Asset Management Company Limited,EQ,06-AUG-2018,5,1,INE127D01025,5,INE127D01025,NSE_ONLY
HDFCBANK,HDFC Bank Limited,EQ,08-NOV-1995,1,1,INE040A01034,1,INE040A01034,NSE_ONLY
HECPROJECT,HEC Infra Projects Limited,EQ,30-DEC-2021,10,1,INE558R01013,10,INE558R01013,NSE_ONLY
HEG,HEG Limited,EQ,10-MAY-1995,2,1,INE545A01024,2,INE545A01024,NSE_ONLY
HEMIPROP,Hemisphere Properties India Limited,EQ,22-OCT-2020,10,1,INE0AJG01018,10,INE0AJG01018,NSE_ONLY
HERANBA,Heranba Industries Limited,EQ,05-MAR-2021,10,1,INE694N01015,10,INE694N01015,NSE_ONLY
HEXT,Hexaware Technologies Limited,EQ,19-FEB-2025,1,1,INE093A01041,1,INE093A01041,NSE_ONLY
HGINFRA,H.G. Infra Engineering Limited,EQ,09-MAR-2018,10,1,INE926X01010,10,INE926X01010,NSE_ONLY
HILINFRA,Highway Infrastructure Limited,EQ,12-AUG-2025,5,1,INE00RL01028,5,INE00RL01028,NSE_ONLY
HINDCON,Hindcon Chemicals Limited,EQ,05-JUL-2021,2,1,INE642Y01029,2,INE642Y01029,NSE_ONLY
HINDWAREAP,Hindware Home Innovation Limited,EQ,26-DEC-2019,2,1,INE05AN01011,2,INE05AN01011,NSE_ONLY
HITECH,Hi-Tech Pipes Limited,EQ,07-MAY-2018,1,1,INE106T01025,1,INE106T01025,NSE_ONLY
HLEGLAS,HLE Glascoat Limited,EQ,09-FEB-2023,2,1,INE461D01028,2,INE461D01028,NSE_ONLY
HMAAGRO,HMA Agro Industries Limited,EQ,04-JUL-2023,1,1,INE0ECP01024,1,INE0ECP01024,NSE_ONLY
HNDFDS,Hindustan Foods Limited,EQ,06-JUN-2023,2,1,INE254N01026,2,INE254N01026,NSE_ONLY
HOMEFIRST,Home First Finance Company India Limited,EQ,03-FEB-2021,2,1,INE481N01025,2,INE481N01025,NSE_ONLY
HONASA,Honasa Consumer Limited,EQ,07-NOV-2023,10,1,INE0J5401028,10,INE0J5401028,NSE_ONLY
HPAL,HP Adhesives Limited,EQ,27-DEC-2021,2,1,INE0GSL01024,2,INE0GSL01024,NSE_ONLY
HPIL,Hindprakash Industries Limited,EQ,07-NOV-2022,10,1,INE05X901010,10,INE05X901010,NSE_ONLY
HYBRIDFIN,Hybrid Financial Services Limited,BE,05-DEC-2022,5,1,INE965B01022,5,INE965B01022,NSE_ONLY
HYUNDAI,Hyundai Motor India Limited,EQ,22-OCT-2024,10,1,INE0V6F01027,10,INE0V6F01027,NSE_ONLY
ICEMAKE,Ice Make Refrigeration Limited,EQ,12-OCT-2020,10,1,INE520Y01019,10,INE520Y01019,NSE_ONLY
IDEAFORGE,Ideaforge Technology Limited,EQ,07-JUL-2023,10,1,INE349Y01013,10,INE349Y01013,NSE_ONLY
IEX,Indian Energy Exchange Limited,EQ,23-OCT-2017,1,1,INE022Q01020,1,INE022Q01020,NSE_ONLY
IGCL,Indogulf Cropsciences Limited,EQ,03-JUL-2025,10,1,INE05J901018,10,INE05J901018,NSE_ONLY
IGIL,International Gemmological Institute (India) Limited,EQ,20-DEC-2024,2,1,INE0Q9301021,2,INE0Q9301021,NSE_ONLY
IIFLCAPS,IIFL Capital Services Limited,EQ,20-SEP-2019,2,1,INE489L01022,2,INE489L01022,NSE_ONLY
IKIO,IKIO Technologies Limited,EQ,16-JUN-2023,10,1,INE0LOJ01019,10,INE0LOJ01019,NSE_ONLY
IKS,Inventurus Knowledge Solutions Limited,EQ,19-DEC-2024,1,1,INE115Q01022,1,INE115Q01022,NSE_ONLY
INDGN,Indegene Limited,EQ,13-MAY-2024,2,1,INE065X01017,2,INE065X01017,NSE_ONLY
INDIAGLYCO,India Glycols Limited,EQ,01-JUL-2005,5,1,INE560A01023,5,INE560A01023,NSE_ONLY
INDIAMART,Indiamart Intermesh Limited,EQ,04-JUL-2019,10,1,INE933S01016,10,INE933S01016,NSE_ONLY
INDIASHLTR,India Shelter Finance Corporation Limited,EQ,20-DEC-2023,5,1,INE922K01024,5,INE922K01024,NSE_ONLY
INDIGOPNTS,Indigo Paints Limited,EQ,02-FEB-2021,10,1,INE09VQ01012,10,INE09VQ01012,NSE_ONLY
INDIQUBE,Indiqube Spaces Limited,EQ,30-JUL-2025,1,1,INE06ST01018,1,INE06ST01018,NSE_ONLY
INDNIPPON,India Nippon Electricals Limited,EQ,07-MAY-1997,5,1,INE092B01025,5,INE092B01025,NSE_ONLY
INDOAMIN,Indo Amines Limited,EQ,29-APR-2022,5,1,INE760F01028,5,INE760F01028,NSE_ONLY
INDOBORAX,Indo Borax & Chemicals Limited,EQ,29-MAR-2022,1,1,INE803D01021,1,INE803D01021,NSE_ONLY
INDOFARM,Indo Farm Equipment Limited,EQ,07-JAN-2025,10,1,INE622H01018,10,INE622H01018,NSE_ONLY
INDOSTAR,IndoStar Capital Finance Limited,EQ,21-MAY-2018,10,1,INE896L01010,10,INE896L01010,NSE_ONLY
INDOTHAI,Indo Thai Securities Limited,BE,02-NOV-2011,1,1,INE337M01021,1,INE337M01021,NSE_ONLY
INDOUS,Indo Us Biotech Limited,EQ,27-SEP-2024,10,1,INE250Z01010,10,INE250Z01010,NSE_ONLY
INFOBEAN,InfoBeans Technologies Limited,EQ,15-JUL-2019,10,1,INE344S01016,10,INE344S01016,NSE_ONLY
INNOVACAP,Innova Captab Limited,EQ,29-DEC-2023,10,1,INE0DUT01020,10,INE0DUT01020,NSE_ONLY
INNOVANA,Innovana Thinklabs Limited,EQ,17-DEC-2024,10,1,INE403Y01018,10,INE403Y01018,NSE_ONLY
INOXGREEN,Inox Green Energy Services Limited,EQ,23-NOV-2022,10,1,INE510W01014,10,INE510W01014,NSE_ONLY
INOXINDIA,INOX India Limited,EQ,21-DEC-2023,2,1,INE616N01034,2,INE616N01034,NSE_ONLY
INTERARCH,Interarch Building Solutions Limited,EQ,26-AUG-2024,10,1,INE00M901018,10,INE00M901018,NSE_ONLY
INTLCONV,International Conveyors Limited,EQ,16-SEP-2021,1,1,INE575C01027,1,INE575C01027,NSE_ONLY
INVENTURE,Inventure Growth & Securities Limited,EQ,04-AUG-2011,1,1,INE878H01024,1,INE878H01024,NSE_ONLY
IOLCP,IOL Chemicals and Pharmaceuticals Limited,EQ,08-NOV-2010,2,1,INE485C01029,2,INE485C01029,NSE_ONLY
IONEXCHANG,ION Exchange (India) Limited,EQ,22-FEB-2022,1,1,INE570A01022,1,INE570A01022,NSE_ONLY
IPCALAB,IPCA Laboratories Limited,EQ,08-FEB-1995,1,1,INE571A01038,1,INE571A01038,NSE_ONLY
IPL,India Pesticides Limited,EQ,05-JUL-2021,1,1,INE0D6701023,1,INE0D6701023,NSE_ONLY
IRB,IRB Infrastructure Developers Limited,EQ,25-FEB-2008,1,1,INE821I01022,1,INE821I01022,NSE_ONLY
IRCON,Ircon International Limited,EQ,28-SEP-2018,2,1,INE962Y01021,2,INE962Y01021,NSE_ONLY
IRCTC,Indian Railway Catering And Tourism Corporation Limited,EQ,14-OCT-2019,2,1,INE335Y01020,2,INE335Y01020,NSE_ONLY
IREDA,Indian Renewable Energy Development Agency Limited,EQ,29-NOV-2023,10,1,INE202E01016,10,INE202E01016,NSE_ONLY
IRFC,Indian Railway Finance Corporation Limited,EQ,29-JAN-2021,10,1,INE053F01010,10,INE053F01010,NSE_ONLY
IRISDOREME,Iris Clothings Limited,EQ,22-FEB-2021,2,1,INE01GN01025,2,INE01GN01025,NSE_ONLY
IRMENERGY,IRM Energy Limited,EQ,26-OCT-2023,10,1,INE07U701015,10,INE07U701015,NSE_ONLY
ISGEC,Isgec Heavy Engineering Limited,EQ,05-MAY-2021,1,1,INE858B01029,1,INE858B01029,NSE_ONLY
ISHANCH,Ishan Dyes and Chemicals Limited,EQ,24-MAR-2025,10,1,INE561M01018,10,INE561M01018,NSE_ONLY
ITCHOTELS,ITC Hotels Limited,EQ,29-JAN-2025,1,1,INE379A01028,1,INE379A01028,NSE_ONLY
IVALUE,Ivalue Infosolutions Limited,EQ,25-SEP-2025,2,1,INE056801025,2,INE056801025,NSE_ONLY
IXIGO,Le Travenues Technology Limited,EQ,18-JUN-2024,1,1,INE0HV901016,1,INE0HV901016,NSE_ONLY
JAGSNPHARM,Jagsonpal Pharmaceuticals Limited,EQ,01-MAR-2000,2,1,INE048B01035,2,INE048B01035,NSE_ONLY
JAIBALAJI,Jai Balaji Industries Limited,EQ,09-DEC-2003,2,1,INE091G01026,2,INE091G01026,NSE_ONLY
JAINREC,Jain Resource Recycling Limited,EQ,01-OCT-2025,2,1,INE0YD401026,2,INE0YD401026,NSE_ONLY
JAIPURKURT,Nandani Creation Limited,EQ,02-SEP-2021,10,1,INE696V01013,10,INE696V01013,NSE_ONLY
JARO,Jaro Institute of Technology Management and Research Limited,EQ,30-SEP-2025,10,1,INE00YJ01010,10,INE00YJ01010,NSE_ONLY
JASH,Jash Engineering Limited,EQ,30-OCT-2019,2,1,INE039O01029,2,INE039O01029,NSE_ONLY
JAYBARMARU,Jay Bharat Maruti Limited,EQ,03-JAN-1996,2,1,INE571B01036,2,INE571B01036,NSE_ONLY
JAYKAY,Jaykay Enterprises Limited,EQ,03-DEC-2025,1,1,INE903A01025,1,INE903A01025,NSE_ONLY
JBCHEPHARM,JB Chemicals & Pharmaceuticals Limited,EQ,29-APR-2003,1,1,INE572A01036,1,INE572A01036,NSE_ONLY
JBMA,JBM Auto Limited,EQ,17-DEC-2004,1,1,INE927D01051,1,INE927D01051,NSE_ONLY
JETFREIGHT,Jet Freight Logistics Limited,BE,21-DEC-2021,5,1,INE982V01025,5,INE982V01025,NSE_ONLY
JGCHEM,J.G.Chemicals Limited,EQ,13-MAR-2024,10,1,INE0MB501011,10,INE0MB501011,NSE_ONLY
JINDALSAW,Jindal Saw Limited,EQ,29-APR-2003,1,1,INE324A01032,1,INE324A01032,NSE_ONLY
JINDWORLD,Jindal Worldwide Limited,EQ,25-NOV-2010,1,1,INE247D01039,1,INE247D01039,NSE_ONLY
JIOFIN,Jio Financial Services Limited,EQ,21-AUG-2023,10,1,INE758E01017,10,INE758E01017,NSE_ONLY
JKIPL,Jinkushal Industries Limited,EQ,03-OCT-2025,10,1,INE1FF001016,10,INE1FF001016,NSE_ONLY
JLHL,Jupiter Life Line Hospitals Limited,EQ,18-SEP-2023,10,1,INE682M01012,10,INE682M01012,NSE_ONLY
JMA,Jullundur Motor Agency (Delhi) Limited,EQ,16-MAR-2015,2,1,INE412C01023,2,INE412C01023,NSE_ONLY
JNKINDIA,JNK India Limited,EQ,30-APR-2024,2,1,INE0OAF01028,2,INE0OAF01028,NSE_ONLY
JOCIL,Jocil Limited,EQ,08-OCT-2008,10,1,INE839G01010,10,INE839G01010,NSE_ONLY
JSFB,Jana Small Finance Bank Limited,EQ,14-FEB-2024,10,1,INE953L01027,10,INE953L01027,NSE_ONLY
JSLL,Jeena Sikho Lifecare Limited,EQ,11-AUG-2025,2,1,INE0J5801029,2,INE0J5801029,NSE_ONLY
JSWCEMENT,JSW Cement Limited,EQ,14-AUG-2025,10,1,INE718I01012,10,INE718I01012,NSE_ONLY
JSWINFRA,JSW Infrastructure Limited,EQ,03-OCT-2023,2,1,INE880J01026,2,INE880J01026,NSE_ONLY
JTLIND,JTL INDUSTRIES LIMITED,EQ,12-JUN-2023,1,1,INE391J01032,1,INE391J01032,NSE_ONLY
JUBLCPL,Jubilant Agri and Consumer Products Limited,EQ,14-FEB-2025,10,1,INE03CC01015,10,INE03CC01015,NSE_ONLY
JUBLFOOD,Jubilant Foodworks Limited,EQ,08-FEB-2010,2,1,INE797F01020,2,INE797F01020,NSE_ONLY
JUBLINGREA,Jubilant Ingrevia Limited,EQ,19-MAR-2021,1,1,INE0BY001018,1,INE0BY001018,NSE_ONLY
JUNIPER,Juniper Hotels Limited,EQ,28-FEB-2024,10,1,INE696F01016,10,INE696F01016,NSE_ONLY
JYOTICNC,Jyoti CNC Automation Limited,EQ,16-JAN-2024,2,1,INE980O01024,2,INE980O01024,NSE_ONLY
KALAMANDIR,Sai Silks (Kalamandir) Limited,EQ,27-SEP-2023,2,1,INE438K01021,2,INE438K01021,NSE_ONLY
KALPATARU,Kalpataru Limited,EQ,01-JUL-2025,10,1,INE227J01012,10,INE227J01012,NSE_ONLY
KALYANI,Kalyani Commercials Limited,BE,13-FEB-2017,10,1,INE610E01010,10,INE610E01010,NSE_ONLY
KALYANKJIL,Kalyan Jewellers India Limited,EQ,26-MAR-2021,10,1,INE303R01014,10,INE303R01014,NSE_ONLY
KAMDHENU,Kamdhenu Limited,EQ,09-MAY-2006,1,1,INE390H01020,1,INE390H01020,NSE_ONLY
KAMOPAINTS,Kamdhenu Ventures Limited,EQ,24-JAN-2023,1,1,INE0BTI01037,1,INE0BTI01037,NSE_ONLY
KANPRPLA,Kanpur Plastipack Limited,EQ,01-JAN-2021,10,1,INE694E01014,10,INE694E01014,NSE_ONLY
KAPSTON,Kapston Services Limited,EQ,27-MAY-2020,5,1,INE542Z01028,5,INE542Z01028,NSE_ONLY
KAUSHALYA,Kaushalya Infrastructure Development Corporation Limited,EQ,14-DEC-2007,1000,1,INE234I01028,1000,INE234I01028,NSE_ONLY
KAYNES,Kaynes Technology India Limited,EQ,22-NOV-2022,10,1,INE918Z01012,10,INE918Z01012,NSE_ONLY
KELLTONTEC,Kellton Tech Solutions Limited,EQ,02-MAR-2016,1,1,INE164B01030,1,INE164B01030,NSE_ONLY
KFINTECH,Kfin Technologies Limited,EQ,29-DEC-2022,10,1,INE138Y01010,10,INE138Y01010,NSE_ONLY
KIMS,Krishna Institute of Medical Sciences Limited,EQ,28-JUN-2021,2,1,INE967H01025,2,INE967H01025,NSE_ONLY
KIRLPNU,Kirloskar Pneumatic Company Limited,EQ,26-APR-2023,2,1,INE811A01020,2,INE811A01020,NSE_ONLY
KMEW,Knowledge Marine & Engineering Works Limited,EQ,14-NOV-2024,10,1,INE0CJD01011,10,INE0CJD01011,NSE_ONLY
KNAGRI,KN Agri Resources Limited,EQ,09-DEC-2025,10,1,INE0KNW01016,10,INE0KNW01016,NSE_ONLY
KOTARISUG,Kothari Sugars And Chemicals Limited,EQ,13-DEC-2004,10,1,INE419A01022,10,INE419A01022,NSE_ONLY
KPEL,K.P. Energy Limited,EQ,14-NOV-2024,5,1,INE127T01021,5,INE127T01021,NSE_ONLY
KPIGREEN,KPI Green Energy Limited,EQ,27-JUL-2021,5,1,INE542W01025,5,INE542W01025,NSE_ONLY
KPITTECH,KPIT Technologies Limited,EQ,22-APR-2019,10,1,INE04I401011,10,INE04I401011,NSE_ONLY
KPRMILL,K.P.R. Mill Limited,EQ,28-AUG-2007,1,1,INE930H01031,1,INE930H01031,NSE_ONLY
KRISHANA,Krishana Phoschem Limited,EQ,22-AUG-2019,10,1,INE506W01012,10,INE506W01012,NSE_ONLY
KRISHIVAL,Krishival Foods Limited,EQ,20-JUN-2025,10,1,INE0GGO01015,10,INE0GGO01015,NSE_ONLY
KRITI,Kriti Industries (India) Limited,EQ,01-NOV-2021,1,1,INE479D01038,1,INE479D01038,NSE_ONLY
KRITIKA,Kritika Wires Limited,EQ,04-MAY-2022,2,1,INE00Z501029,2,INE00Z501029,NSE_ONLY
KRITINUT,Kriti Nutrients Limited,EQ,07-OCT-2022,1,1,INE798K01010,1,INE798K01010,NSE_ONLY
KRN,KRN Heat Exchanger and Refrigeration Limited,EQ,03-OCT-2024,10,1,INE0Q3J01015,10,INE0Q3J01015,NSE_ONLY
KRONOX,Kronox Lab Sciences Limited,EQ,10-JUN-2024,10,1,INE0ATZ01017,10,INE0ATZ01017,NSE_ONLY
KROSS,Kross Limited,EQ,16-SEP-2024,5,1,INE0O6601022,5,INE0O6601022,NSE_ONLY
KRSNAA,Krsnaa Diagnostics Limited,EQ,16-AUG-2021,5,1,INE08LI01020,5,INE08LI01020,NSE_ONLY
KRYSTAL,Krystal Integrated Services Limited,EQ,21-MAR-2024,10,1,INE0QN801017,10,INE0QN801017,NSE_ONLY
KSB,Ksb Limited,EQ,08-FEB-1995,2,1,INE999A01023,2,INE999A01023,NSE_ONLY
KSHITIJPOL,Kshitij Polyline Limited,EQ,27-JUL-2022,2,1,INE013801027,2,INE013801027,NSE_ONLY
KSOLVES,Ksolves India Limited,EQ,23-SEP-2022,5,1,INE0D6I01023,5,INE0D6I01023,NSE_ONLY
KSR,KSR Footwear Limited,BE,27-NOV-2025,10,1,INE1SPP01016,10,INE1SPP01016,NSE_ONLY
KUANTUM,Kuantum Papers Limited,EQ,23-OCT-2019,1,1,INE529I01021,1,INE529I01021,NSE_ONLY
LAGNAM,Lagnam Spintex Limited,EQ,30-SEP-2021,10,1,INE548Z01017,10,INE548Z01017,NSE_ONLY
LAL,Lorenzini Apparels Limited,EQ,10-APR-2023,1,1,INE740X01023,1,INE740X01023,NSE_ONLY
LANCORHOL,Lancor Holdings Limited,BE,12-MAR-2024,2,1,INE572G01025,2,INE572G01025,NSE_ONLY
LANDMARK,Landmark Cars Limited,EQ,23-DEC-2022,5,1,INE559R01029,5,INE559R01029,NSE_ONLY
LATENTVIEW,Latent View Analytics Limited,EQ,23-NOV-2021,1,1,INE0I7C01011,1,INE0I7C01011,NSE_ONLY
LATTEYS,Latteys Industries Limited,BE,23-MAY-2023,2,1,INE262Z01023,2,INE262Z01023,NSE_ONLY
LAURUSLABS,Laurus Labs Limited,EQ,19-DEC-2016,2,1,INE947Q01028,2,INE947Q01028,NSE_ONLY
LAXMICOT,Laxmi Cotspin Limited,EQ,12-NOV-2021,10,1,INE801V01019,10,INE801V01019,NSE_ONLY
LAXMIDENTL,Laxmi Dental Limited,EQ,20-JAN-2025,2,1,INE0WO601020,2,INE0WO601020,NSE_ONLY
LAXMIINDIA,Laxmi India Finance Limited,EQ,05-AUG-2025,5,1,INE06WU01026,5,INE06WU01026,NSE_ONLY
LEMONTREE,Lemon Tree Hotels Limited,EQ,09-APR-2018,10,1,INE970X01018,10,INE970X01018,NSE_ONLY
LENSKART,Lenskart Solutions Limited,EQ,10-NOV-2025,2,1,INE956O01016,2,INE956O01016,NSE_ONLY
LEXUS,Lexus Granito (India) Limited,EQ,13-MAR-2023,10,1,INE500X01013,10,INE500X01013,NSE_ONLY
LFIC,Lakshmi Finance & Industrial Corporation Limited,EQ,15-APR-2015,10,1,INE850E01012,10,INE850E01012,NSE_ONLY
LGEINDIA,LG Electronics India Limited,EQ,14-OCT-2025,10,1,INE324D01010,10,INE324D01010,NSE_ONLY
LGHL,Laxmi Goldorna House Limited,EQ,10-NOV-2023,10,1,INE258Y01016,10,INE258Y01016,NSE_ONLY
LIBAS,Libas Consumer Products Limited,EQ,23-JUL-2019,10,1,INE908V01012,10,INE908V01012,NSE_ONLY
LICI,Life Insurance Corporation Of India,EQ,17-MAY-2022,10,1,INE0J1Y01017,10,INE0J1Y01017,NSE_ONLY
LIKHITHA,Likhitha Infrastructure Limited,EQ,15-OCT-2020,5,1,INE060901027,5,INE060901027,NSE_ONLY
LINC,Linc Limited,EQ,09-MAR-2015,5,1,INE802B01027,5,INE802B01027,NSE_ONLY
LLOYDSME,Lloyds Metals And Energy Limited,EQ,17-JUL-2023,1,1,INE281B01032,1,INE281B01032,NSE_ONLY
LODHA,Lodha Developers Limited,EQ,19-APR-2021,10,1,INE670K01029,10,INE670K01029,NSE_ONLY
LOTUSDEV,Sri Lotus Developers and Realty Limited,EQ,06-AUG-2025,1,1,INE0V9Q01010,1,INE0V9Q01010,NSE_ONLY
LOYALTEX,Loyal Textile Mills Limited,EQ,11-AUG-2022,10,1,INE970D01010,10,INE970D01010,NSE_ONLY
LUMAXTECH,Lumax Auto Technologies Limited,EQ,16-JAN-2007,2,1,INE872H01027,2,INE872H01027,NSE_ONLY
LXCHEM,Laxmi Organic Industries Limited,EQ,25-MAR-2021,2,1,INE576O01020,2,INE576O01020,NSE_ONLY
MAANALU,Maan Aluminium Limited,EQ,22-OCT-2007,5,1,INE215I01027,5,INE215I01027,NSE_ONLY
MACPOWER,Macpower CNC Machines Limited,EQ,19-AUG-2020,10,1,INE155Z01011,10,INE155Z01011,NSE_ONLY
MAHEPC,Mahindra EPC Irrigation Limited,EQ,14-FEB-2020,10,1,INE215D01010,10,INE215D01010,NSE_ONLY
MAHESHWARI,Maheshwari Logistics Limited,EQ,15-APR-2019,10,1,INE263W01010,10,INE263W01010,NSE_ONLY
MALLCOM,Mallcom (India) Limited,EQ,02-FEB-2022,10,1,INE389C01015,10,INE389C01015,NSE_ONLY
MAMATA,Mamata Machinery Limited,EQ,27-DEC-2024,10,1,INE0TO701015,10,INE0TO701015,NSE_ONLY
MANBA,Manba Finance Limited,EQ,30-SEP-2024,10,1,INE939X01013,10,INE939X01013,NSE_ONLY
MANCREDIT,Mangal Credit and Fincorp Limited,EQ,16-AUG-2024,10,1,INE545L01039,10,INE545L01039,NSE_ONLY
MANKIND,Mankind Pharma Limited,EQ,09-MAY-2023,1,1,INE634S01028,1,INE634S01028,NSE_ONLY
MANORAMA,Manorama Industries Limited,EQ,01-JUL-2022,2,1,INE00VM01036,2,INE00VM01036,NSE_ONLY
MANORG,Mangalam Organics Limited,EQ,02-NOV-2021,10,1,INE370D01013,10,INE370D01013,NSE_ONLY
MANYAVAR,Vedant Fashions Limited,EQ,16-FEB-2022,1,1,INE825V01034,1,INE825V01034,NSE_ONLY
MAPMYINDIA,C.E. Info Systems Limited,EQ,21-DEC-2021,2,1,INE0BV301023,2,INE0BV301023,NSE_ONLY
MARATHON,Marathon Nextgen Realty Limited,EQ,29-SEP-2016,5,1,INE182D01020,5,INE182D01020,NSE_ONLY
MARINE,Marine Electricals (India) Limited,EQ,02-DEC-2020,2,1,INE01JE01028,2,INE01JE01028,NSE_ONLY
MARKOLINES,Markolines Pavement Technologies Limited,EQ,14-OCT-2025,10,1,INE0FW001016,10,INE0FW001016,NSE_ONLY
MASKINVEST,Mask Investments Limited,BE,14-OCT-2016,10,1,INE885F01015,10,INE885F01015,NSE_ONLY
MASTERTR,Master Trust Limited,EQ,12-NOV-2024,1,1,INE677D01037,1,INE677D01037,NSE_ONLY
MAXESTATES,Max Estates Limited,EQ,30-OCT-2023,10,1,INE03EI01018,10,INE03EI01018,NSE_ONLY
MAXHEALTH,Max Healthcare Institute Limited,EQ,21-AUG-2020,10,1,INE027H01010,10,INE027H01010,NSE_ONLY
MAXIND,Max India Limited,EQ,28-AUG-2020,10,1,INE0CG601016,10,INE0CG601016,NSE_ONLY
MAZDA,Mazda Limited,EQ,01-NOV-2016,2,1,INE885E01042,2,INE885E01042,NSE_ONLY
MAZDOCK,Mazagon Dock Shipbuilders Limited,EQ,12-OCT-2020,5,1,INE249Z01020,5,INE249Z01020,NSE_ONLY
MBAPL,Madhya Bharat Agro Products Limited,EQ,22-AUG-2019,10,1,INE900L01010,10,INE900L01010,NSE_ONLY
MBEL,M & B Engineering Limited,EQ,06-AUG-2025,10,1,INE08N601015,10,INE08N601015,NSE_ONLY
MCL,Madhav Copper Limited,EQ,19-AUG-2020,5,1,INE813V01022,5,INE813V01022,NSE_ONLY
MCLOUD,Magellanic Cloud Limited,EQ,07-FEB-2025,2,1,INE613C01026,2,INE613C01026,NSE_ONLY
MEDANTA,Global Health Limited,EQ,16-NOV-2022,2,1,INE474Q01031,2,INE474Q01031,NSE_ONLY
MEDIASSIST,Medi Assist Healthcare Services Limited,EQ,23-JAN-2024,5,1,INE456Z01021,5,INE456Z01021,NSE_ONLY
MEDICAMEQ,Medicamen Biotech Limited,EQ,27-OCT-2021,10,1,INE646B01010,10,INE646B01010,NSE_ONLY
MEDICO,Medico Remedies Limited,EQ,26-MAY-2022,2,1,INE630Y01024,2,INE630Y01024,NSE_ONLY
MEDPLUS,Medplus Health Services Limited,EQ,23-DEC-2021,2,1,INE804L01022,2,INE804L01022,NSE_ONLY
MEGASTAR,Megastar Foods Limited,BE,16-FEB-2022,10,1,INE00EM01016,10,INE00EM01016,NSE_ONLY
MEIL,Mangal Electrical Industries Limited,EQ,28-AUG-2025,10,1,INE0PKD01011,10,INE0PKD01011,NSE_ONLY
METROBRAND,Metro Brands Limited,EQ,22-DEC-2021,5,1,INE317I01021,5,INE317I01021,NSE_ONLY
METROPOLIS,Metropolis Healthcare Limited,EQ,15-APR-2019,2,1,INE112L01020,2,INE112L01020,NSE_ONLY
MFML,Mahalaxmi Fabric Mills Limited,EQ,27-AUG-2024,10,1,INE0US801024,10,INE0US801024,NSE_ONLY
MGEL,Mangalam Global Enterprise Limited,EQ,23-DEC-2020,1,1,INE0APB01032,1,INE0APB01032,NSE_ONLY
MHLXMIRU,Mahalaxmi Rubtech Limited,EQ,27-JAN-2022,10,1,INE112D01035,10,INE112D01035,NSE_ONLY
MICEL,MIC Electronics Limited,EQ,17-DEC-2021,2,1,INE287C01037,2,INE287C01037,NSE_ONLY
MIDHANI,Mishra Dhatu Nigam Limited,EQ,04-APR-2018,10,1,INE099Z01011,10,INE099Z01011,NSE_ONLY
MIDWESTLTD,Midwest Limited,EQ,24-OCT-2025,5,1,INE0XAD01024,5,INE0XAD01024,NSE_ONLY
MITCON,MITCON Consultancy & Engineering Services Limited,EQ,17-MAR-2022,10,1,INE828O01033,10,INE828O01033,NSE_ONLY
MITTAL,Mittal Life Style Limited,EQ,29-APR-2020,1,1,INE997Y01027,1,INE997Y01027,NSE_ONLY
MKPL,M K Proteins Limited,EQ,13-JUN-2023,1,1,INE964W01021,1,INE964W01021,NSE_ONLY
MMP,MMP Industries Limited,EQ,09-JAN-2020,10,1,INE511Y01018,10,INE511Y01018,NSE_ONLY
MOBIKWIK,One Mobikwik Systems Limited,EQ,18-DEC-2024,2,1,INE0HLU01028,2,INE0HLU01028,NSE_ONLY
MODIS,Modis Navnirman Limited,EQ,14-NOV-2025,10,1,INE0L0L01012,10,INE0L0L01012,NSE_ONLY
MODISONLTD,MODISON LIMITED,EQ,03-MAY-2021,1,1,INE737D01021,1,INE737D01021,NSE_ONLY
MODTHREAD,Modern Threads (India) Limited,EQ,22-NOV-1995,10,50,INE794W01014,10,INE794W01014,NSE_ONLY
MOKSH,Moksh Ornaments Limited,EQ,21-MAY-2021,2,1,INE514Y01020,2,INE514Y01020,NSE_ONLY
MOL,Meghmani Organics Limited,EQ,18-AUG-2021,1,1,INE0CT101020,1,INE0CT101020,NSE_ONLY
MONARCH,Monarch Networth Capital Limited,EQ,06-JAN-2022,10,1,INE903D01011,10,INE903D01011,NSE_ONLY
MOSCHIP,Moschip Technologies Limited,EQ,05-FEB-2025,2,1,INE935B01025,2,INE935B01025,NSE_ONLY
MOTISONS,Motisons Jewellers Limited,EQ,26-DEC-2023,1,1,INE0FRK01020,1,INE0FRK01020,NSE_ONLY
MOTOGENFIN,The Motor & General Finance Limited,EQ,08-FEB-1995,5,1,INE861B01023,5,INE861B01023,NSE_ONLY
MSTCLTD,Mstc Limited,EQ,29-MAR-2019,10,1,INE255X01014,10,INE255X01014,NSE_ONLY
MSUMI,Motherson Sumi Wiring India Limited,EQ,28-MAR-2022,1,1,INE0FS801015,1,INE0FS801015,NSE_ONLY
MTARTECH,Mtar Technologies Limited,EQ,15-MAR-2021,10,1,INE864I01014,10,INE864I01014,NSE_ONLY
MUFIN,Mufin Green Finance Limited,EQ,06-NOV-2023,1,1,INE08KJ01020,1,INE08KJ01020,NSE_ONLY
MUFTI,Credo Brands Marketing Limited,EQ,27-DEC-2023,2,1,INE220Q01020,2,INE220Q01020,NSE_ONLY
MUKKA,Mukka Proteins Limited,EQ,07-MAR-2024,1,1,INE0CG401037,1,INE0CG401037,NSE_ONLY
MUTHOOTMF,Muthoot Microfin Limited,EQ,26-DEC-2023,10,1,INE046W01019,10,INE046W01019,NSE_ONLY
MVGJL,Manoj Vaibhav Gems N Jewellers Limited,EQ,03-OCT-2023,10,1,INE0KNT01012,10,INE0KNT01012,NSE_ONLY
MWL,Mangalam Worldwide Limited,EQ,18-SEP-2025,10,1,INE0JYY01011,10,INE0JYY01011,NSE_ONLY
NARMADA,Narmada Agrobase Limited,BE,27-OCT-2022,10,1,INE117Z01011,10,INE117Z01011,NSE_ONLY
NAUKRI,Info Edge (India) Limited,EQ,21-NOV-2006,2,1,INE663F01032,2,INE663F01032,NSE_ONLY
NAVA,NAVA LIMITED,EQ,03-APR-1996,1,1,INE725A01030,1,INE725A01030,NSE_ONLY
NAVKARURB,Navkar Urbanstructure Limited,EQ,17-JAN-2025,1,1,INE268H01044,1,INE268H01044,NSE_ONLY
NAZARA,Nazara Technologies Limited,EQ,30-MAR-2021,2,1,INE418L01047,2,INE418L01047,NSE_ONLY
NBCC,NBCC (India) Limited,EQ,12-APR-2012,1,1,INE095N01031,1,INE095N01031,NSE_ONLY
NBIFIN,N. B. I. Industrial Finance Company Limited,EQ,23-NOV-2016,5,1,INE365I01020,5,INE365I01020,NSE_ONLY
NDGL,Naga Dhunseri Group Limited,EQ,29-AUG-2016,10,1,INE756C01015,10,INE756C01015,NSE_ONLY
NDL,Nandan Denim Limited,EQ,23-MAR-2012,1,1,INE875G01048,1,INE875G01048,NSE_ONLY
NDRAUTO,Ndr Auto Components Limited,EQ,30-JUL-2020,10,1,INE07OG01012,10,INE07OG01012,NSE_ONLY
NEOGEN,Neogen Chemicals Limited,EQ,08-MAY-2019,10,1,INE136S01016,10,INE136S01016,NSE_ONLY
NESTLEIND,Nestle India Limited,EQ,01-AUG-2023,1,1,INE239A01024,1,INE239A01024,NSE_ONLY
NETWEB,Netweb Technologies India Limited,EQ,27-JUL-2023,2,1,INE0NT901020,2,INE0NT901020,NSE_ONLY
NEWGEN,Newgen Software Technologies Limited,EQ,29-JAN-2018,10,1,INE619B01017,10,INE619B01017,NSE_ONLY
NGIL,Nakoda Group of Industries Limited,EQ,20-AUG-2021,10,1,INE236Y01012,10,INE236Y01012,NSE_ONLY
NGLFINE,NGL Fine-Chem Limited,EQ,08-JUL-2022,5,1,INE887E01022,5,INE887E01022,NSE_ONLY
NIITMTS,NIIT Learning Systems Limited,EQ,08-AUG-2023,2,1,INE342G01023,2,INE342G01023,NSE_ONLY
NILASPACES,Nila Spaces Limited,BE,28-DEC-2018,1,1,INE00S901012,1,INE00S901012,NSE_ONLY
NIPPOBATRY,Indo-National Limited,EQ,06-OCT-1999,5,1,INE567A01028,5,INE567A01028,NSE_ONLY
NIRAJ,Niraj Cement Structurals Limited,EQ,01-OCT-2020,10,1,INE368I01016,10,INE368I01016,NSE_ONLY
NIRAJISPAT,Niraj Ispat Industries Limited,EQ,27-OCT-2016,10,1,INE326T01011,10,INE326T01011,NSE_ONLY
NITIRAJ,Nitiraj Engineers Limited,EQ,22-APR-2021,10,1,INE439T01012,10,INE439T01012,NSE_ONLY
NIVABUPA,Niva Bupa Health Insurance Company Limited,EQ,14-NOV-2024,10,1,INE995S01015,10,INE995S01015,NSE_ONLY
NORTHARC,Northern Arc Capital Limited,EQ,24-SEP-2024,10,1,INE850M01015,10,INE850M01015,NSE_ONLY
NOVAAGRI,Nova Agritech Limited,EQ,31-JAN-2024,2,1,INE02H701025,2,INE02H701025,NSE_ONLY
NPST,Network People Services Technologies Limited,EQ,30-APR-2025,10,1,INE0FFK01017,10,INE0FFK01017,NSE_ONLY
NRL,Nupur Recyclers Limited,EQ,12-JAN-2023,10,1,INE0JM501013,10,INE0JM501013,NSE_ONLY
NSLNISP,NMDC Steel Limited,EQ,20-FEB-2023,10,1,INE0NNS01018,10,INE0NNS01018,NSE_ONLY
NTPCGREEN,NTPC Green Energy Limited,EQ,27-NOV-2024,10,1,INE0ONG01011,10,INE0ONG01011,NSE_ONLY
NURECA,Nureca Limited,EQ,25-FEB-2021,10,1,INE0DSF01015,10,INE0DSF01015,NSE_ONLY
NUVAMA,Nuvama Wealth Management Limited,EQ,26-SEP-2023,10,1,INE531F01015,10,INE531F01015,NSE_ONLY
NUVOCO,Nuvoco Vistas Corporation Limited,EQ,23-AUG-2021,10,1,INE118D01016,10,INE118D01016,NSE_ONLY
NYKAA,FSN E-Commerce Ventures Limited,EQ,10-NOV-2021,1,1,INE388Y01029,1,INE388Y01029,NSE_ONLY
OAL,Oriental Aromatics Limited,EQ,11-JUL-2019,5,1,INE959C01023,5,INE959C01023,NSE_ONLY
OBCL,Orissa Bengal Carrier Limited,EQ,07-APR-2022,10,1,INE426Z01016,10,INE426Z01016,NSE_ONLY
OCCLLTD,OCCL Limited,EQ,29-OCT-2024,2,1,INE0PK601023,2,INE0PK601023,NSE_ONLY
ODIGMA,Odigma Consultancy Solutions Limited,BE,12-DEC-2024,1,1,INE054301028,1,INE054301028,NSE_ONLY
OLAELEC,Ola Electric Mobility Limited,EQ,09-AUG-2024,10,1,INE0LXG01040,10,INE0LXG01040,NSE_ONLY
OMFREIGHT,Om Freight Forwarders Limited,EQ,08-OCT-2025,10,1,INE1BZC01019,10,INE1BZC01019,NSE_ONLY
ONEPOINT,One Point One Solutions Limited,EQ,09-MAY-2019,2,1,INE840Y01029,2,INE840Y01029,NSE_ONLY
ONESOURCE,Onesource Specialty Pharma Limited,EQ,24-JAN-2025,1,1,INE013P01021,1,INE013P01021,NSE_ONLY
ORCHASP,Orchasp Limited,EQ,07-FEB-2025,2,1,INE215B01022,2,INE215B01022,NSE_ONLY
ORCHPHARMA,Orchid Pharma Limited,EQ,02-NOV-2020,10,1,INE191A01027,10,INE191A01027,NSE_ONLY
ORIENTELEC,Orient Electric Limited,EQ,14-MAY-2018,1,1,INE142Z01019,1,INE142Z01019,NSE_ONLY
ORIENTTECH,Orient Technologies Limited,EQ,28-AUG-2024,10,1,INE0PPK01015,10,INE0PPK01015,NSE_ONLY
ORKLAINDIA,Orkla India Limited,EQ,06-NOV-2025,1,1,INE16NZ01023,1,INE16NZ01023,NSE_ONLY
ORTINGLOBE,ORTIN GLOBAL LIMITED,EQ,30-MAR-2021,10,1,INE749B01020,10,INE749B01020,NSE_ONLY
OSIAHYPER,Osia Hyper Retail Limited,EQ,01-DEC-2022,1,1,INE06IR01021,1,INE06IR01021,NSE_ONLY
OSWALPUMPS,Oswal Pumps Limited,EQ,20-JUN-2025,1,1,INE0BYP01024,1,INE0BYP01024,NSE_ONLY
OSWALSEEDS,ShreeOswal Seeds And Chemicals Limited,EQ,28-FEB-2023,2,1,INE00IK01029,2,INE00IK01029,NSE_ONLY
PACEDIGITK,Pace Digitek Limited,EQ,06-OCT-2025,2,1,INE0S3G01027,2,INE0S3G01027,NSE_ONLY
PAISALO,Paisalo Digital Limited,EQ,17-OCT-2011,1,1,INE420C01059,1,INE420C01059,NSE_ONLY
PAKKA,PAKKA LIMITED,EQ,11-JUL-2023,10,1,INE551D01018,10,INE551D01018,NSE_ONLY
PANACHE,Panache Digilife Limited,BE,06-JAN-2020,10,1,INE895W01019,10,INE895W01019,NSE_ONLY
PANSARI,Pansari Developers Limited,BE,18-OCT-2021,10,1,INE697V01011,10,INE697V01011,NSE_ONLY
PAR,Par Drugs And Chemicals Limited,EQ,16-SEP-2021,10,1,INE04LG01015,10,INE04LG01015,NSE_ONLY
PARADEEP,Paradeep Phosphates Limited,EQ,27-MAY-2022,10,1,INE088F01024,10,INE088F01024,NSE_ONLY
PARAS,Paras Defence and Space Technologies Limited,EQ,01-OCT-2021,5,1,INE045601023,5,INE045601023,NSE_ONLY
PARKHOTELS,Apeejay Surrendra Park Hotels Limited,EQ,12-FEB-2024,1,1,INE988S01028,1,INE988S01028,NSE_ONLY
PASHUPATI,Pashupati Cotspin Limited,EQ,17-JUL-2025,10,1,INE124Y01010,10,INE124Y01010,NSE_ONLY
PASUPTAC,Pasupati Acrylon Limited,EQ,12-OCT-2021,10,1,INE818B01023,10,INE818B01023,NSE_ONLY
PATANJALI,Patanjali Foods Limited,EQ,24-JAN-2020,2,1,INE619A01035,2,INE619A01035,NSE_ONLY
PATELRMART,Patel Retail Limited,EQ,26-AUG-2025,10,1,INE0R8B01010,10,INE0R8B01010,NSE_ONLY
PAUSHAKLTD,Paushak Limited,EQ,01-DEC-2025,5,1,INE111F01024,5,INE111F01024,NSE_ONLY
PAVNAIND,Pavna Industries Limited,EQ,01-JUN-2023,1,1,INE07S101038,1,INE07S101038,NSE_ONLY
PAYTM,One 97 Communications Limited,EQ,18-NOV-2021,1,1,INE982J01020,1,INE982J01020,NSE_ONLY
PCBL,PCBL Chemical Limited,EQ,29-MAR-1995,1,1,INE602A01031,1,INE602A01031,NSE_ONLY
PCJEWELLER,PC Jeweller Limited,EQ,27-DEC-2012,1,1,INE785M01021,1,INE785M01021,NSE_ONLY
PDSL,PDS Limited,EQ,21-OCT-2014,2,1,INE111Q01021,2,INE111Q01021,NSE_ONLY
PERSISTENT,Persistent Systems Limited,EQ,06-APR-2010,5,1,INE262H01021,5,INE262H01021,NSE_ONLY
PGEL,PG Electroplast Limited,EQ,26-SEP-2011,1,1,INE457L01029,1,INE457L01029,NSE_ONLY
PGIL,Pearl Global Industries Limited,EQ,15-FEB-2007,5,1,INE940H01022,5,INE940H01022,NSE_ONLY
PIGL,Power & Instrumentation (Gujarat) Limited,EQ,17-MAY-2023,10,1,INE557Z01018,10,INE557Z01018,NSE_ONLY
PINELABS,Pine Labs Limited,EQ,14-NOV-2025,1,1,INE15B701018,1,INE15B701018,NSE_ONLY
PIRAMALFIN,Piramal Finance Limited,EQ,07-NOV-2025,2,1,INE202B01038,2,INE202B01038,NSE_ONLY
PIXTRANS,Pix Transmissions Limited,EQ,28-APR-2022,10,1,INE751B01018,10,INE751B01018,NSE_ONLY
PKTEA,The Peria Karamalai Tea & Produce Company Limited,EQ,19-AUG-2015,10,1,INE431F01018,10,INE431F01018,NSE_ONLY
PLATIND,Platinum Industries Limited,EQ,05-MAR-2024,10,1,INE0PT501018,10,INE0PT501018,NSE_ONLY
PLAZACABLE,Plaza Wires Limited,EQ,12-OCT-2023,10,1,INE0INJ01017,10,INE0INJ01017,NSE_ONLY
PNGJL,P N Gadgil Jewellers Limited,EQ,17-SEP-2024,10,1,INE953R01016,10,INE953R01016,NSE_ONLY
POCL,Pondy Oxides & Chemicals Limited,EQ,06-MAR-2023,5,1,INE063E01053,5,INE063E01053,NSE_ONLY
POLICYBZR,PB Fintech Limited,EQ,15-NOV-2021,2,1,INE417T01026,2,INE417T01026,NSE_ONLY
POLYCAB,Polycab India Limited,EQ,16-APR-2019,10,1,INE455K01017,10,INE455K01017,NSE_ONLY
POWERINDIA,Hitachi Energy India Limited,EQ,30-MAR-2020,2,1,INE07Y701011,2,INE07Y701011,NSE_ONLY
PPL,Prakash Pipes Limited,EQ,14-JUN-2019,10,1,INE050001010,10,INE050001010,NSE_ONLY
PPLPHARMA,Piramal Pharma Limited,EQ,19-OCT-2022,10,1,INE0DK501011,10,INE0DK501011,NSE_ONLY
PRABHA,Prabha Energy Limited,EQ,19-MAR-2025,1,1,INE0I0M01023,1,INE0I0M01023,NSE_ONLY
PRAXIS,Praxis Home Retail Limited,EQ,31-JAN-2018,5,1,INE546Y01022,5,INE546Y01022,NSE_ONLY
PRECWIRE,Precision Wires India Limited,EQ,06-SEP-1995,1,1,INE372C01037,1,INE372C01037,NSE_ONLY
PREMEXPLN,Premier Explosives Limited,EQ,17-JUN-2016,2,1,INE863B01029,2,INE863B01029,NSE_ONLY
PREMIERENE,Premier Energies Limited,EQ,03-SEP-2024,1,1,INE0BS701011,1,INE0BS701011,NSE_ONLY
PREMIERPOL,Premier Polyfilm Limited,EQ,13-DEC-1995,1,1,INE309M01020,1,INE309M01020,NSE_ONLY
PRIMO,Primo Chemicals Limited,EQ,22-APR-2025,2,1,INE607A01022,2,INE607A01022,NSE_ONLY
PRINCEPIPE,Prince Pipes And Fittings Limited,EQ,30-DEC-2019,10,1,INE689W01016,10,INE689W01016,NSE_ONLY
PRITI,Priti International Limited,EQ,02-MAR-2022,10,1,INE974Z01015,10,INE974Z01015,NSE_ONLY
PRITIKAUTO,Pritika Auto Industries Limited,EQ,10-AUG-2021,2,1,INE583R01029,2,INE583R01029,NSE_ONLY
PROSTARM,Prostarm Info Systems Limited,EQ,03-JUN-2025,10,1,INE0BX301013,10,INE0BX301013,NSE_ONLY
PROTEAN,Protean eGov Technologies Limited,EQ,06-FEB-2025,10,1,INE004A01022,10,INE004A01022,NSE_ONLY
PRUDENT,Prudent Corporate Advisory Services Limited,EQ,20-MAY-2022,5,1,INE00F201020,5,INE00F201020,NSE_ONLY
PTCIL,PTC Industries Limited,EQ,09-JUN-2023,10,1,INE596F01018,10,INE596F01018,NSE_ONLY
PTL,PTL Enterprises Limited,EQ,29-JAN-2007,1,1,INE034D01049,1,INE034D01049,NSE_ONLY
PVSL,Popular Vehicles and Services Limited,EQ,19-MAR-2024,2,1,INE772T01024,2,INE772T01024,NSE_ONLY
PWL,Physicswallah Limited,EQ,18-NOV-2025,1,1,INE0LP301011,1,INE0LP301011,NSE_ONLY
PYRAMID,Pyramid Technoplast Limited,EQ,29-AUG-2023,10,1,INE0MIS01010,10,INE0MIS01010,NSE_ONLY
QPOWER,Quality Power Electrical Equipments Limited,EQ,24-FEB-2025,10,1,INE0SII01026,10,INE0SII01026,NSE_ONLY
QUADFUTURE,Quadrant Future Tek Limited,EQ,14-JAN-2025,10,1,INE0LRY01011,10,INE0LRY01011,NSE_ONLY
RACLGEAR,RACL Geartech Limited,EQ,27-NOV-2024,10,1,INE704B01017,10,INE704B01017,NSE_ONLY
RADHIKAJWE,Radhika Jeweltech Limited,EQ,18-JUL-2022,2,1,INE583V01021,2,INE583V01021,NSE_ONLY
RADIANTCMS,Radiant Cash Management Services Limited,EQ,04-JAN-2023,1,1,INE855R01021,1,INE855R01021,NSE_ONLY
RADIOCITY,Music Broadcast Limited,EQ,17-MAR-2017,2,1,INE919I01024,2,INE919I01024,NSE_ONLY
RAILTEL,Railtel Corporation Of India Limited,EQ,26-FEB-2021,10,1,INE0DD101019,10,INE0DD101019,NSE_ONLY
RAINBOW,Rainbow Childrens Medicare Limited,EQ,10-MAY-2022,10,1,INE961O01016,10,INE961O01016,NSE_ONLY
RAJMET,Rajnandini Metal Limited,EQ,16-FEB-2021,1,1,INE00KV01022,1,INE00KV01022,NSE_ONLY
RAJOOENG,Rajoo Engineers Limited,EQ,29-MAY-2025,1,1,INE535F01024,1,INE535F01024,NSE_ONLY
RAJRATAN,Rajratan Global Wire Limited,EQ,22-MAY-2020,2,1,INE451D01029,2,INE451D01029,NSE_ONLY
RAJRILTD,Raj Rayon Industries Limited,BE,16-MAR-2022,1,1,INE533D01032,1,INE533D01032,NSE_ONLY
RAMAPHO,Rama Phosphates Limited,EQ,05-AUG-2022,5,1,INE809A01032,5,INE809A01032,NSE_ONLY
RAMASTEEL,Rama Steel Tubes Limited,EQ,19-AUG-2015,1,1,INE230R01035,1,INE230R01035,NSE_ONLY
RAMRAT,Ram Ratna Wires Limited,EQ,29-JUL-2022,5,1,INE207E01023,5,INE207E01023,NSE_ONLY
RATEGAIN,Rategain Travel Technologies Limited,EQ,17-DEC-2021,1,1,INE0CLI01024,1,INE0CLI01024,NSE_ONLY
RATNAVEER,Ratnaveer Precision Engineering Limited,EQ,11-SEP-2023,10,1,INE05CZ01011,10,INE05CZ01011,NSE_ONLY
RAYMONDLSL,Raymond Lifestyle Limited,EQ,05-SEP-2024,2,1,INE02ID01020,2,INE02ID01020,NSE_ONLY
RAYMONDREL,Raymond Realty Limited,EQ,01-JUL-2025,10,1,INE1SY401010,10,INE1SY401010,NSE_ONLY
RBA,Restaurant Brands Asia Limited,EQ,14-DEC-2020,10,1,INE07T201019,10,INE07T201019,NSE_ONLY
RBZJEWEL,RBZ Jewellers Limited,EQ,27-DEC-2023,10,1,INE0PEQ01016,10,INE0PEQ01016,NSE_ONLY
REDTAPE,Redtape Limited,EQ,11-AUG-2023,2,1,INE0LXT01019,2,INE0LXT01019,NSE_ONLY
REFEX,Refex Industries Limited,EQ,03-DEC-2009,2,1,INE056I01025,2,INE056I01025,NSE_ONLY
REGAAL,Regaal Resources Limited,EQ,20-AUG-2025,5,1,INE0MHO01029,5,INE0MHO01029,NSE_ONLY
RELCHEMQ,Reliance Chemotex Industries Limited,EQ,25-MAY-2022,10,1,INE750D01016,10,INE750D01016,NSE_ONLY
RELIABLE,Reliable Data Services Limited,BE,10-JUL-2024,10,1,INE375Y01018,10,INE375Y01018,NSE_ONLY
REMSONSIND,Remsons Industries Limited,EQ,31-JAN-1996,2,1,INE474C01023,2,INE474C01023,NSE_ONLY
REPL,Rudrabhishek Enterprises Limited,EQ,14-DEC-2020,10,1,INE364Z01019,10,INE364Z01019,NSE_ONLY
RETAIL,JHS Svendgaard Retail Ventures Limited,EQ,26-JUN-2024,10,1,INE03DD01011,10,INE03DD01011,NSE_ONLY
RGL,Renaissance Global Limited,EQ,12-DEC-2007,2,1,INE722H01024,2,INE722H01024,NSE_ONLY
RHETAN,Rhetan TMT Limited,EQ,26-SEP-2025,1,1,INE0KKN01029,1,INE0KKN01029,NSE_ONLY
RHL,Robust Hotels Limited,EQ,25-APR-2023,10,1,INE508K01013,10,INE508K01013,NSE_ONLY
RISHABH,Rishabh Instruments Limited,EQ,11-SEP-2023,10,1,INE0N2P01017,10,INE0N2P01017,NSE_ONLY
RITCO,Ritco Logistics Limited,EQ,12-APR-2022,10,1,INE01EG01016,10,INE01EG01016,NSE_ONLY
RITES,RITES Limited,EQ,02-JUL-2018,10,1,INE320J01015,10,INE320J01015,NSE_ONLY
RKEC,RKEC Projects Limited,EQ,18-DEC-2020,10,1,INE786W01010,10,INE786W01010,NSE_ONLY
RKFORGE,Ramkrishna Forgings Limited,EQ,05-MAY-2004,2,1,INE399G01023,2,INE399G01023,NSE_ONLY
RKSWAMY,R K Swamy Limited,EQ,12-MAR-2024,5,1,INE0NQ801033,5,INE0NQ801033,NSE_ONLY
RMDRIP,R M Drip and Sprinklers Systems Limited,EQ,30-JUL-2025,1,1,INE219Y01026,1,INE219Y01026,NSE_ONLY
RNBDENIMS,R&B Denims Limited,EQ,04-SEP-2025,2,1,INE012Q01021,2,INE012Q01021,NSE_ONLY
ROLEXRINGS,Rolex Rings Limited,EQ,09-AUG-2021,1,1,INE645S01024,1,INE645S01024,NSE_ONLY
ROML,Raj Oil Mills Limited,EQ,06-OCT-2020,10,1,INE294G01026,10,INE294G01026,NSE_ONLY
ROSSARI,Rossari Biotech Limited,EQ,23-JUL-2020,2,1,INE02A801020,2,INE02A801020,NSE_ONLY
ROSSTECH,Rossell Techsys Limited,EQ,09-DEC-2024,2,1,INE0OJW01016,2,INE0OJW01016,NSE_ONLY
ROTO,Roto Pumps Limited,EQ,21-APR-2022,1,1,INE535D01037,1,INE535D01037,NSE_ONLY
ROUTE,ROUTE MOBILE LIMITED,EQ,21-SEP-2020,10,1,INE450U01017,10,INE450U01017,NSE_ONLY
RPPL,Rajshree Polypack Limited,EQ,26-NOV-2021,5,1,INE760W01023,5,INE760W01023,NSE_ONLY
RPSGVENT,RPSG VENTURES LIMITED,EQ,25-JAN-2019,10,1,INE425Y01011,10,INE425Y01011,NSE_ONLY
RPTECH,Rashi Peripherals Limited,EQ,14-FEB-2024,5,1,INE0J1F01024,5,INE0J1F01024,NSE_ONLY
RRKABEL,R R Kabel Limited,EQ,20-SEP-2023,5,1,INE777K01022,5,INE777K01022,NSE_ONLY
RUBFILA,Rubfila International Limited,EQ,08-AUG-2024,5,1,INE642C01025,5,INE642C01025,NSE_ONLY
RUBICON,Rubicon Research Limited,EQ,16-OCT-2025,1,1,INE506V01022,1,INE506V01022,NSE_ONLY
RUSHIL,Rushil Decor Limited,EQ,07-JUL-2011,1,1,INE573K01025,1,INE573K01025,NSE_ONLY
RUSTOMJEE,Keystone Realtors Limited,EQ,24-NOV-2022,10,1,INE263M01029,10,INE263M01029,NSE_ONLY
RVHL,Ravinder Heights Limited,BE,18-DEC-2020,1,1,INE09E501017,1,INE09E501017,NSE_ONLY
RVNL,Rail Vikas Nigam Limited,EQ,11-APR-2019,10,1,INE415G01027,10,INE415G01027,NSE_ONLY
RVTH,Revathi Equipment India Limited,EQ,11-SEP-2024,10,1,INE0DAB01012,10,INE0DAB01012,NSE_ONLY
SAATVIKGL,Saatvik Green Energy Limited,EQ,26-SEP-2025,2,1,INE13B501022,2,INE13B501022,NSE_ONLY
SABTNL,Sri Adhikari Brothers Television Network Limited,EQ,01-APR-2024,10,1,INE416A01044,10,INE416A01044,NSE_ONLY
SADHNANIQ,Sadhana Nitrochem Limited,EQ,05-MAY-2023,1,1,INE888C01040,1,INE888C01040,NSE_ONLY
SAFARI,Safari Industries (India) Limited,EQ,12-SEP-2019,2,1,INE429E01023,2,INE429E01023,NSE_ONLY
SAGARDEEP,Sagardeep Alloys Limited,EQ,25-JAN-2019,10,1,INE976T01013,10,INE976T01013,NSE_ONLY
SAGCEM,Sagar Cements Limited,EQ,29-JAN-2007,2,1,INE229C01021,2,INE229C01021,NSE_ONLY
SAGILITY,SAGILITY LIMITED,EQ,12-NOV-2024,10,1,INE0W2G01015,10,INE0W2G01015,NSE_ONLY
SAHYADRI,Sahyadri Industries Limited,EQ,06-APR-2023,10,1,INE280H01015,10,INE280H01015,NSE_ONLY
SAILIFE,Sai Life Sciences Limited,EQ,18-DEC-2024,1,1,INE570L01029,1,INE570L01029,NSE_ONLY
SAKAR,Sakar Healthcare Limited,EQ,11-APR-2019,10,1,INE732S01012,10,INE732S01012,NSE_ONLY
SAKSOFT,Saksoft Limited,EQ,09-MAY-2005,1,1,INE667G01023,1,INE667G01023,NSE_ONLY
SAKUMA,Sakuma Exports Limited,EQ,08-MAR-2006,1,1,INE190H01024,1,INE190H01024,NSE_ONLY
SALASAR,Salasar Techno Engineering Limited,EQ,25-JUL-2017,1,1,INE170V01027,1,INE170V01027,NSE_ONLY
SAMBHV,Sambhv Steel Tubes Limited,EQ,02-JUL-2025,10,1,INE12NJ01018,10,INE12NJ01018,NSE_ONLY
SAMHI,Samhi Hotels Limited,EQ,22-SEP-2023,1,1,INE08U801020,1,INE08U801020,NSE_ONLY
SANATHAN,Sanathan Textiles Limited,EQ,27-DEC-2024,10,1,INE0JPD01013,10,INE0JPD01013,NSE_ONLY
SANCO,Sanco Industries Limited,BZ,22-NOV-2016,10,1,INE782L01012,10,INE782L01012,NSE_ONLY
SANDHAR,Sandhar Technologies Limited,EQ,02-APR-2018,10,1,INE278H01035,10,INE278H01035,NSE_ONLY
SANDUMA,Sandur Manganese & Iron Ores Limited,EQ,07-SEP-2023,10,1,INE149K01016,10,INE149K01016,NSE_ONLY
SANGHVIMOV,Sanghvi Movers Limited,EQ,24-JAN-2007,1,1,INE989A01032,1,INE989A01032,NSE_ONLY
SANGINITA,Sanginita Chemicals Limited,EQ,15-JUL-2019,10,1,INE753W01010,10,INE753W01010,NSE_ONLY
SANOFICONR,Sanofi Consumer Healthcare India Limited,EQ,13-SEP-2024,10,1,INE0UOS01011,10,INE0UOS01011,NSE_ONLY
SANSERA,Sansera Engineering Limited,EQ,24-SEP-2021,2,1,INE953O01021,2,INE953O01021,NSE_ONLY
SANSTAR,Sanstar Limited,EQ,26-JUL-2024,2,1,INE08NE01025,2,INE08NE01025,NSE_ONLY
SAPPHIRE,Sapphire Foods India Limited,EQ,18-NOV-2021,2,1,INE806T01020,2,INE806T01020,NSE_ONLY
SARDAEN,Sarda Energy & Minerals Limited,EQ,03-DEC-2009,1,1,INE385C01021,1,INE385C01021,NSE_ONLY
SAREGAMA,Saregama India Limited,EQ,30-JUL-1997,1,1,INE979A01025,1,INE979A01025,NSE_ONLY
SARVESHWAR,Sarveshwar Foods Limited,EQ,08-DEC-2022,1,1,INE324X01026,1,INE324X01026,NSE_ONLY
SATIA,Satia Industries Limited,EQ,17-JUL-2019,1,1,INE170E01023,1,INE170E01023,NSE_ONLY
SAURASHCEM,Saurashtra Cement Limited,EQ,27-FEB-2024,10,1,INE626A01014,10,INE626A01014,NSE_ONLY
SBC,SBC Exports Limited,EQ,23-NOV-2021,1,1,INE04AK01028,1,INE04AK01028,NSE_ONLY
SBCL,Shivalik Bimetal Controls Limited,EQ,24-JUN-2021,2,1,INE386D01027,2,INE386D01027,NSE_ONLY
SBFC,SBFC Finance Limited,EQ,16-AUG-2023,10,1,INE423Y01016,10,INE423Y01016,NSE_ONLY
SBGLP,Suratwwala Business Group Limited,EQ,10-FEB-2023,1,1,INE05ST01028,1,INE05ST01028,NSE_ONLY
SBICARD,SBI Cards and Payment Services Limited,EQ,16-MAR-2020,10,1,INE018E01016,10,INE018E01016,NSE_ONLY
SCHAEFFLER,Schaeffler India Limited,EQ,29-NOV-2000,2,1,INE513A01022,2,INE513A01022,NSE_ONLY
SCILAL,Shipping Corporation of India Land and Assets Limited,EQ,19-MAR-2024,10,1,INE0PB301013,10,INE0PB301013,NSE_ONLY
SCODATUBES,Scoda Tubes Limited,EQ,04-JUN-2025,10,1,INE090501011,10,INE090501011,NSE_ONLY
SDBL,Som Distilleries & Breweries Limited,EQ,18-MAR-2014,2,1,INE480C01038,2,INE480C01038,NSE_ONLY
SECMARK,SecMark Consultancy Limited,EQ,16-OCT-2023,10,1,INE0BTM01013,10,INE0BTM01013,NSE_ONLY
SEJALLTD,Sejal Glass Limited,BE,13-DEC-2021,10,1,INE955I01044,10,INE955I01044,NSE_ONLY
SELMC,SEL Manufacturing Company Limited,EQ,26-OCT-2021,10,1,INE105I01020,10,INE105I01020,NSE_ONLY
SENCO,Senco Gold Limited,EQ,14-JUL-2023,5,1,INE602W01027,5,INE602W01027,NSE_ONLY
SENORES,Senores Pharmaceuticals Limited,EQ,30-DEC-2024,10,1,INE0RB801010,10,INE0RB801010,NSE_ONLY
SERVOTECH,Servotech Renewable Power System Limited,EQ,02-SEP-2021,1,1,INE782X01033,1,INE782X01033,NSE_ONLY
SESHAPAPER,Seshasayee Paper and Boards Limited,EQ,29-MAR-1995,2,1,INE630A01024,2,INE630A01024,NSE_ONLY
SGIL,Synergy Green Industries Limited,EQ,28-JUL-2021,10,1,INE00QT01015,10,INE00QT01015,NSE_ONLY
SGLTL,Standard Glass Lining Technology Limited,EQ,13-JAN-2025,10,1,INE0M4D01010,10,INE0M4D01010,NSE_ONLY
SGMART,SG Mart Limited,EQ,12-SEP-2025,1,1,INE385F01024,1,INE385F01024,NSE_ONLY
SHAILY,Shaily Engineering Plastics Limited,EQ,04-APR-2022,2,1,INE151G01028,2,INE151G01028,NSE_ONLY
SHALBY,Shalby Limited,EQ,15-DEC-2017,10,1,INE597J01018,10,INE597J01018,NSE_ONLY
SHANTI,Shanti Overseas (India) Limited,EQ,16-SEP-2021,10,1,INE933X01016,10,INE933X01016,NSE_ONLY
SHANTIGOLD,Shanti Gold International Limited,EQ,01-AUG-2025,10,1,INE06ZD01017,10,INE06ZD01017,NSE_ONLY
SHARDAMOTR,Sharda Motor Industries Limited,EQ,03-SEP-2015,2,1,INE597I01028,2,INE597I01028,NSE_ONLY
SHAREINDIA,Share India Securities Limited,EQ,21-SEP-2020,2,1,INE932X01026,2,INE932X01026,NSE_ONLY
SHEKHAWATI,Shekhawati Industries Limited,EQ,12-JAN-2011,10,1,INE268L01046,10,INE268L01046,NSE_ONLY
SHILCTECH,Shilchar Technologies Limited,EQ,24-NOV-2025,10,1,INE024F01011,10,INE024F01011,NSE_ONLY
SHIVALIK,Shivalik Rasayan Limited,EQ,09-DEC-2021,5,1,INE788J01021,5,INE788J01021,NSE_ONLY
SHIVAMILLS,Shiva Mills Limited,EQ,26-FEB-2018,10,1,INE644Y01017,10,INE644Y01017,NSE_ONLY
SHIVATEX,Shiva Texyarn Limited,EQ,26-DEC-2017,10,1,INE705C01020,10,INE705C01020,NSE_ONLY
SHIVAUM,Shiv Aum Steels Limited,EQ,14-NOV-2025,10,1,INE719F01016,10,INE719F01016,NSE_ONLY
SHRADHA,Shradha Infraprojects Limited,EQ,22-OCT-2020,2,1,INE715Y01031,2,INE715Y01031,NSE_ONLY
SHREDIGCEM,Shree Digvijay Cement Co.Ltd,EQ,28-JAN-2020,10,1,INE232A01011,10,INE232A01011,NSE_ONLY
SHREEJISPG,Shreeji Shipping Global Limited,EQ,26-AUG-2025,10,1,INE1B6101010,10,INE1B6101010,NSE_ONLY
SHRENIK,Shrenik Limited,EQ,02-AUG-2019,1,1,INE632X01030,1,INE632X01030,NSE_ONLY
SHRINGARMS,Shringar House of Mangalsutra Limited,EQ,17-SEP-2025,10,1,INE1B3L01017,10,INE1B3L01017,NSE_ONLY
SHRIPISTON,Shriram Pistons & Rings Limited,EQ,02-JUN-2016,10,1,INE526E01018,10,INE526E01018,NSE_ONLY
SHRIRAMFIN,Shriram Finance Limited,EQ,11-DEC-1996,2,1,INE721A01047,2,INE721A01047,NSE_ONLY
SHRIRAMPPS,Shriram Properties Limited,EQ,20-DEC-2021,10,1,INE217L01019,10,INE217L01019,NSE_ONLY
SHYAMMETL,Shyam Metalics and Energy Limited,EQ,24-JUN-2021,10,1,INE810G01011,10,INE810G01011,NSE_ONLY
SICALLOG,Sical Logistics Limited,BE,12-OCT-2023,10,1,INE075B01020,10,INE075B01020,NSE_ONLY
SIGACHI,Sigachi Industries Limited,EQ,15-NOV-2021,1,1,INE0D0K01022,1,INE0D0K01022,NSE_ONLY
SIGIND,Signet Industries Limited,EQ,29-AUG-2018,10,1,INE529F01035,10,INE529F01035,NSE_ONLY
SIGMA,Sigma Solve Limited,BE,09-JUN-2023,1,1,INE0A0S01028,1,INE0A0S01028,NSE_ONLY
SIGNATURE,Signatureglobal (India) Limited,EQ,27-SEP-2023,1,1,INE903U01023,1,INE903U01023,NSE_ONLY
SIGNPOST,Signpost India Limited,EQ,14-FEB-2024,2,1,INE0KGZ01021,2,INE0KGZ01021,NSE_ONLY
SIKKO,Sikko Industries Limited,BE,22-OCT-2021,1,1,INE112X01025,1,INE112X01025,NSE_ONLY
SILGO,Silgo Retail Limited,EQ,03-MAR-2021,10,1,INE01II01013,10,INE01II01013,NSE_ONLY
SILLYMONKS,Silly Monks Entertainment Limited,BE,08-JUL-2020,10,1,INE203Y01012,10,INE203Y01012,NSE_ONLY
SILVERTUC,Silver Touch Technologies Limited,EQ,12-MAY-2022,10,1,INE625X01018,10,INE625X01018,NSE_ONLY
SINCLAIR,Sinclairs Hotels Limited,EQ,10-APR-2024,2,1,INE985A01022,2,INE985A01022,NSE_ONLY
SINDHUTRAD,Sindhu Trade Links Limited,EQ,20-JUN-2023,1,1,INE325D01025,1,INE325D01025,NSE_ONLY
SINTERCOM,Sintercom India Limited,EQ,07-OCT-2020,10,1,INE129Z01016,10,INE129Z01016,NSE_ONLY
SIRCA,Sirca Paints India Limited,EQ,22-JUL-2019,10,1,INE792Z01011,10,INE792Z01011,NSE_ONLY
SIS,SIS LIMITED,EQ,10-AUG-2017,5,1,INE285J01028,5,INE285J01028,NSE_ONLY
SJS,S.J.S. Enterprises Limited,EQ,15-NOV-2021,10,1,INE284S01014,10,INE284S01014,NSE_ONLY
SKFINDUS,SKF India (Industrial) Limited,BE,05-DEC-2025,10,1,INE2J8701016,10,INE2J8701016,NSE_ONLY
SKYGOLD,SKY GOLD AND DIAMONDS LIMITED,EQ,06-JAN-2023,10,1,INE01IU01018,10,INE01IU01018,NSE_ONLY
SMARTWORKS,Smartworks Coworking Spaces Limited,EQ,17-JUL-2025,10,1,INE0NAZ01010,10,INE0NAZ01010,NSE_ONLY
SMCGLOBAL,SMC Global Securities Limited,EQ,24-FEB-2021,2,1,INE103C01036,2,INE103C01036,NSE_ONLY
SOFTTECH,Softtech Engineers Limited,EQ,25-FEB-2022,10,1,INE728Z01015,10,INE728Z01015,NSE_ONLY
SOLARA,Solara Active Pharma Sciences Limited,EQ,27-JUN-2018,10,1,INE624Z01016,10,INE624Z01016,NSE_ONLY
SOLARWORLD,Solarworld Energy Solutions Limited,EQ,30-SEP-2025,5,1,INE0TY101024,5,INE0TY101024,NSE_ONLY
SOLEX,Solex Energy Limited,EQ,08-OCT-2025,10,1,INE880Y01017,10,INE880Y01017,NSE_ONLY
SONACOMS,Sona BLW Precision Forgings Limited,EQ,24-JUN-2021,10,1,INE073K01018,10,INE073K01018,NSE_ONLY
SONAMLTD,SONAM LIMITED,EQ,07-APR-2022,5,1,INE00LM01029,5,INE00LM01029,NSE_ONLY
SOTL,Savita Oil Technologies Limited,EQ,28-JUN-1995,2,1,INE035D01020,2,INE035D01020,NSE_ONLY
SOUTHWEST,South West Pinnacle Exploration Limited,BE,18-APR-2019,10,1,INE980Y01015,10,INE980Y01015,NSE_ONLY
SPANDANA,Spandana Sphoorty Financial Limited,EQ,19-AUG-2019,10,1,INE572J01011,10,INE572J01011,NSE_ONLY
SPCENET,Spacenet Enterprises India Limited,BE,10-JAN-2017,1,1,INE970N01027,1,INE970N01027,NSE_ONLY
SPECTRUM,Spectrum Electrical Industries Limited,EQ,28-MAR-2025,10,1,INE01EO01010,10,INE01EO01010,NSE_ONLY
SPENCERS,Spencer's Retail Limited,EQ,25-JAN-2019,5,1,INE020801028,5,INE020801028,NSE_ONLY
SPLPETRO,Supreme Petrochem Limited,EQ,24-MAY-2022,2,1,INE663A01033,2,INE663A01033,NSE_ONLY
SPORTKING,Sportking India Limited,EQ,24-AUG-2022,1,1,INE885H01029,1,INE885H01029,NSE_ONLY
SRD,Shankar Lal Rampal Dye-Chem Limited,EQ,09-OCT-2024,10,1,INE01NE01012,10,INE01NE01012,NSE_ONLY
SRGHFL,SRG Housing Finance Limited,EQ,21-AUG-2023,10,1,INE559N01010,10,INE559N01010,NSE_ONLY
SRM,SRM Contractors Limited,EQ,03-APR-2024,10,1,INE0R6Z01013,10,INE0R6Z01013,NSE_ONLY
SRPL,Shree Ram Proteins Limited,BZ,23-SEP-2020,1,1,INE008Z01020,1,INE008Z01020,NSE_ONLY
SSDL,Saraswati Saree Depot Limited,EQ,20-AUG-2024,10,1,INE0PQ101010,10,INE0PQ101010,NSE_ONLY
SSWL,Steel Strips Wheels Limited,EQ,06-JUN-2005,1,1,INE802C01033,1,INE802C01033,NSE_ONLY
STALLION,Stallion India Fluorochemicals Limited,BE,23-JAN-2025,10,1,INE0RYC01010,10,INE0RYC01010,NSE_ONLY
STANLEY,Stanley Lifestyles Limited,EQ,28-JUN-2024,2,1,INE01A001028,2,INE01A001028,NSE_ONLY
STARHEALTH,Star Health and Allied Insurance Company Limited,EQ,10-DEC-2021,10,1,INE575P01011,10,INE575P01011,NSE_ONLY
STEELCAS,Steelcast Limited,EQ,23-NOV-2021,1,1,INE124E01038,1,INE124E01038,NSE_ONLY
STEELCITY,Steel City Securities Limited,EQ,27-JUN-2019,10,1,INE395H01011,10,INE395H01011,NSE_ONLY
STEELXIND,STEEL EXCHANGE INDIA LIMITED,EQ,20-JUL-2017,1,1,INE503B01021,1,INE503B01021,NSE_ONLY
STLNETWORK,STL Networks Limited,EQ,04-SEP-2025,2,1,INE1VXE01018,2,INE1VXE01018,NSE_ONLY
STOVEKRAFT,Stove Kraft Limited,EQ,05-FEB-2021,10,1,INE00IN01015,10,INE00IN01015,NSE_ONLY
STUDDS,Studds Accessories Limited,EQ,07-NOV-2025,5,1,INE00Q601028,5,INE00Q601028,NSE_ONLY
STYL,Seshaasai Technologies Limited,EQ,30-SEP-2025,10,1,INE04VU01023,10,INE04VU01023,NSE_ONLY
STYLAMIND,Stylam Industries Limited,EQ,02-AUG-2021,5,1,INE239C01020,5,INE239C01020,NSE_ONLY
STYLEBAAZA,Baazar Style Retail Limited,EQ,06-SEP-2024,5,1,INE01FR01028,5,INE01FR01028,NSE_ONLY
SUBEXLTD,Subex Limited,EQ,05-NOV-2020,5,1,INE754A01055,5,INE754A01055,NSE_ONLY
SUDEEPPHRM,Sudeep Pharma Limited,EQ,28-NOV-2025,1,1,INE0QPI01025,1,INE0QPI01025,NSE_ONLY
SUKHJITS,Sukhjit Starch & Chemicals Limited,EQ,07-NOV-2022,5,1,INE450E01029,5,INE450E01029,NSE_ONLY
SULA,Sula Vineyards Limited,EQ,22-DEC-2022,2,1,INE142Q01026,2,INE142Q01026,NSE_ONLY
SUMEETINDS,Sumeet Industries Limited,BE,10-DEC-2010,2,1,INE235C01036,2,INE235C01036,NSE_ONLY
SUMICHEM,Sumitomo Chemical India Limited,EQ,27-JAN-2020,10,1,INE258G01013,10,INE258G01013,NSE_ONLY
SUMIT,Sumit Woods Limited,EQ,30-JUL-2019,10,1,INE748Z01013,10,INE748Z01013,NSE_ONLY
SUNCLAY,Sundaram Clayton Limited,EQ,29-DEC-2023,5,1,INE0Q3R01026,5,INE0Q3R01026,NSE_ONLY
SUPREMEENG,Supreme Engineering Limited,BZ,04-DEC-2020,1,1,INE319Z01021,1,INE319Z01021,NSE_ONLY
SUPRIYA,Supriya Lifescience Limited,EQ,28-DEC-2021,2,1,INE07RO01027,2,INE07RO01027,NSE_ONLY
SURAJEST,Suraj Estate Developers Limited,EQ,26-DEC-2023,5,1,INE843S01025,5,INE843S01025,NSE_ONLY
SURAJLTD,Suraj Limited,EQ,29-AUG-2024,10,1,INE713C01016,10,INE713C01016,NSE_ONLY
SURAKSHA,Suraksha Diagnostic Limited,EQ,06-DEC-2024,2,1,INE877V01027,2,INE877V01027,NSE_ONLY
SURYAROSNI,Surya Roshni Limited,EQ,10-MAY-1995,5,1,INE335A01020,5,INE335A01020,NSE_ONLY
SURYODAY,Suryoday Small Finance Bank Limited,EQ,26-MAR-2021,10,1,INE428Q01011,10,INE428Q01011,NSE_ONLY
SUVIDHAA,Suvidhaa Infoserve Limited,EQ,31-MAR-2021,1,1,INE018401013,1,INE018401013,NSE_ONLY
SVLL,Shree Vasu Logistics Limited,EQ,21-APR-2023,10,1,INE00CE01017,10,INE00CE01017,NSE_ONLY
SVPGLOB,SVP GLOBAL TEXTILES LIMITED,BE,14-JUL-2021,1,1,INE308E01029,1,INE308E01029,NSE_ONLY
SWIGGY,Swiggy Limited,EQ,13-NOV-2024,1,1,INE00H001014,1,INE00H001014,NSE_ONLY
SWSOLAR,Sterling and Wilson Renewable Energy Limited,EQ,20-AUG-2019,1,1,INE00M201021,1,INE00M201021,NSE_ONLY
SYNCOMF,Syncom Formulations (India) Limited,EQ,18-NOV-2022,1,1,INE312C01025,1,INE312C01025,NSE_ONLY
SYRMA,Syrma SGS Technology Limited,EQ,26-AUG-2022,10,1,INE0DYJ01015,10,INE0DYJ01015,NSE_ONLY
SYSTMTXC,Systematix Corporate Services Limited,EQ,06-OCT-2025,1,1,INE356B01024,1,INE356B01024,NSE_ONLY
TALBROAUTO,Talbros Automotive Components Limited,EQ,29-SEP-2006,2,1,INE187D01029,2,INE187D01029,NSE_ONLY
TARACHAND,Tara Chand InfraLogistic Solutions Limited,EQ,16-APR-2024,2,1,INE555Z01020,2,INE555Z01020,NSE_ONLY
TARC,TARC Limited,EQ,18-DEC-2020,2,1,INE0EK901012,2,INE0EK901012,NSE_ONLY
TARSONS,Tarsons Products Limited,EQ,26-NOV-2021,2,1,INE144Z01023,2,INE144Z01023,NSE_ONLY
TATACAP,Tata Capital Limited,EQ,13-OCT-2025,10,1,INE976I01016,10,INE976I01016,NSE_ONLY
TATAINVEST,Tata Investment Corporation Limited,EQ,24-JUN-1998,1,1,INE672A01026,1,INE672A01026,NSE_ONLY
TATASTEEL,Tata Steel Limited,EQ,18-NOV-1998,1,1,INE081A01020,1,INE081A01020,NSE_ONLY
TATATECH,Tata Technologies Limited,EQ,30-NOV-2023,2,1,INE142M01025,2,INE142M01025,NSE_ONLY
TATVA,Tatva Chintan Pharma Chem Limited,EQ,29-JUL-2021,10,1,INE0GK401011,10,INE0GK401011,NSE_ONLY
TBOTEK,TBO Tek Limited,EQ,15-MAY-2024,1,1,INE673O01025,1,INE673O01025,NSE_ONLY
TDPOWERSYS,TD Power Systems Limited,EQ,08-SEP-2011,2,1,INE419M01027,2,INE419M01027,NSE_ONLY
TECHNOE,Techno Electric & Engineering Company Limited,EQ,04-DEC-2018,2,1,INE285K01026,2,INE285K01026,NSE_ONLY
TEGA,Tega Industries Limited,EQ,13-DEC-2021,10,1,INE011K01018,10,INE011K01018,NSE_ONLY
TEMBO,Tembo Global Industries Limited,EQ,23-APR-2021,10,1,INE869Y01010,10,INE869Y01010,NSE_ONLY
TENNIND,Tenneco Clean Air India Limited,EQ,19-NOV-2025,10,1,INE19RI01016,10,INE19RI01016,NSE_ONLY
TFCILTD,Tourism Finance Corporation of India Limited,EQ,26-JUL-2000,2,1,INE305A01023,2,INE305A01023,NSE_ONLY
THEJO,Thejo Engineering Limited,EQ,10-OCT-2023,10,1,INE121N01019,10,INE121N01019,NSE_ONLY
THELEELA,Leela Palaces Hotels & Resorts Limited,EQ,02-JUN-2025,10,1,INE0AQ201015,10,INE0AQ201015,NSE_ONLY
THEMISMED,Themis Medicare Limited,EQ,02-APR-2007,1,1,INE083B01024,1,INE083B01024,NSE_ONLY
TICL,Twamev Construction and Infrastructure Limited,BE,16-OCT-2023,1,1,INE388G01026,1,INE388G01026,NSE_ONLY
TIGERLOGS,Tiger Logistics (India) Limited,EQ,18-SEP-2025,1,1,INE906O01029,1,INE906O01029,NSE_ONLY
TINNARUBR,Tinna Rubber and Infrastructure Limited,EQ,17-APR-2025,10,1,INE015C01016,10,INE015C01016,NSE_ONLY
TIPSFILMS,Tips Films Limited,EQ,06-OCT-2022,10,1,INE0LQS01015,10,INE0LQS01015,NSE_ONLY
TIPSMUSIC,Tips Music Limited,EQ,10-NOV-2000,1,1,INE716B01029,1,INE716B01029,NSE_ONLY
TIRUMALCHM,Thirumalai Chemicals Limited,EQ,14-MAY-2003,1,1,INE338A01024,1,INE338A01024,NSE_ONLY
TIRUPATIFL,Tirupati Forge Limited,EQ,04-AUG-2020,2,1,INE319Y01024,2,INE319Y01024,NSE_ONLY
TMB,Tamilnad Mercantile Bank Limited,EQ,15-SEP-2022,10,1,INE668A01016,10,INE668A01016,NSE_ONLY
TMCV,Tata Motors Limited,EQ,12-NOV-2025,2,1,INE1TAE01010,2,INE1TAE01010,NSE_ONLY
TOLINS,Tolins Tyres Limited,EQ,16-SEP-2024,5,1,INE0RWQ01014,5,INE0RWQ01014,NSE_ONLY
TOTAL,Total Transport Systems Limited,EQ,28-AUG-2020,10,1,INE336X01012,10,INE336X01012,NSE_ONLY
TOUCHWOOD,Touchwood Entertainment Limited,EQ,21-JAN-2020,10,1,INE486Y01013,10,INE486Y01013,NSE_ONLY
TPHQ,Teamo Productions HQ Limited,EQ,30-JAN-2009,1,1,INE065J01024,1,INE065J01024,NSE_ONLY
TPLPLASTEH,TPL Plastech Limited,EQ,20-MAY-2015,2,1,INE413G01022,2,INE413G01022,NSE_ONLY
TRACXN,Tracxn Technologies Limited,EQ,20-OCT-2022,1,1,INE0HMF01019,1,INE0HMF01019,NSE_ONLY
TRANSRAILL,Transrail Lighting Limited,EQ,27-DEC-2024,2,1,INE454P01035,2,INE454P01035,NSE_ONLY
TRAVELFOOD,Travel Food Services Limited,EQ,14-JUL-2025,1,1,INE103V01028,1,INE103V01028,NSE_ONLY
TREJHARA,TREJHARA SOLUTIONS LIMITED,BE,28-DEC-2018,10,1,INE00CA01015,10,INE00CA01015,NSE_ONLY
TREL,Transindia Real Estate Limited,EQ,10-AUG-2023,2,1,INE0O3901029,2,INE0O3901029,NSE_ONLY
TRIDENT,Trident Limited,EQ,21-FEB-2001,1,1,INE064C01022,1,INE064C01022,NSE_ONLY
TRU,TruCap Finance Limited,EQ,20-JUN-2023,2,1,INE615R01029,2,INE615R01029,NSE_ONLY
TRUALT,TruAlt Bioenergy Limited,EQ,03-OCT-2025,10,1,INE0MWH01014,10,INE0MWH01014,NSE_ONLY
TSFINV,TSF INVESTMENTS LIMITED,EQ,26-MAR-2018,5,1,INE202Z01029,5,INE202Z01029,NSE_ONLY
TTKPRESTIG,TTK Prestige Limited,EQ,22-DEC-1999,1,1,INE690A01028,1,INE690A01028,NSE_ONLY
TTL,T T Limited,EQ,22-FEB-2007,1,1,INE592B01024,1,INE592B01024,NSE_ONLY
TVSSCS,TVS Supply Chain Solutions Limited,EQ,23-AUG-2023,1,1,INE395N01027,1,INE395N01027,NSE_ONLY
UDS,Updater Services Limited,EQ,04-OCT-2023,10,1,INE851I01011,10,INE851I01011,NSE_ONLY
UFBL,United Foodbrands Limited,EQ,07-APR-2021,5,1,INE382M01027,5,INE382M01027,NSE_ONLY
UGROCAP,Ugro Capital Limited,EQ,11-AUG-2021,10,1,INE583D01011,10,INE583D01011,NSE_ONLY
UJJIVANSFB,Ujjivan Small Finance Bank Limited,EQ,12-DEC-2019,10,1,INE551W01018,10,INE551W01018,NSE_ONLY
UMAEXPORTS,Uma Exports Limited,EQ,07-APR-2022,10,1,INE0GIU01018,10,INE0GIU01018,NSE_ONLY
UNIECOM,Unicommerce Esolutions Limited,EQ,13-AUG-2024,1,1,INE00U401027,1,INE00U401027,NSE_ONLY
UNIINFO,Uniinfo Telecom Services Limited,EQ,12-JAN-2022,10,1,INE481Z01011,10,INE481Z01011,NSE_ONLY
UNIMECH,Unimech Aerospace and Manufacturing Limited,EQ,31-DEC-2024,5,1,INE0U3I01011,5,INE0U3I01011,NSE_ONLY
UNIPARTS,Uniparts India Limited,EQ,12-DEC-2022,10,1,INE244O01017,10,INE244O01017,NSE_ONLY
UNITDSPR,United Spirits Limited,EQ,27-SEP-2001,2,1,INE854D01024,2,INE854D01024,NSE_ONLY
UNITEDPOLY,United Polyfab Gujarat Limited,BE,31-DEC-2021,1,1,INE368U01029,1,INE368U01029,NSE_ONLY
UNITEDTEA,The United Nilgiri Tea Estates Company Limited,EQ,28-JAN-2015,10,1,INE458F01011,10,INE458F01011,NSE_ONLY
UNIVASTU,Univastu India Limited,EQ,22-JUN-2020,10,1,INE562X01013,10,INE562X01013,NSE_ONLY
UNIVPHOTO,Universus Photo Imagings Limited,EQ,14-FEB-2020,10,1,INE03V001013,10,INE03V001013,NSE_ONLY
URAVIDEF,Uravi Defence and Technology Limited,EQ,05-JUL-2023,10,1,INE568Z01015,10,INE568Z01015,NSE_ONLY
URBANCO,Urban Company Limited,EQ,17-SEP-2025,1,1,INE0CAZ01013,1,INE0CAZ01013,NSE_ONLY
USK,Udayshivakumar Infra Limited,EQ,03-APR-2023,10,1,INE0N0Y01013,10,INE0N0Y01013,NSE_ONLY
UTIAMC,UTI Asset Management Company Limited,EQ,12-OCT-2020,10,1,INE094J01016,10,INE094J01016,NSE_ONLY
UTKARSHBNK,Utkarsh Small Finance Bank Limited,EQ,21-JUL-2023,10,1,INE735W01017,10,INE735W01017,NSE_ONLY
UTLSOLAR,Fujiyama Power Systems Limited,EQ,20-NOV-2025,1,1,INE12UR01024,1,INE12UR01024,NSE_ONLY
UYFINCORP,U. Y. Fincorp Limited,BE,03-OCT-2024,5,1,INE152C01025,5,INE152C01025,NSE_ONLY
VAIBHAVGBL,Vaibhav Global Limited,EQ,05-APR-2004,2,1,INE884A01027,2,INE884A01027,NSE_ONLY
VAISHALI,Vaishali Pharma Limited,EQ,15-JAN-2020,2,1,INE972X01022,2,INE972X01022,NSE_ONLY
VALIANTLAB,Valiant Laboratories Limited,EQ,06-OCT-2023,10,1,INE0JWS01017,10,INE0JWS01017,NSE_ONLY
VARDHACRLC,Vardhman Acrylics Limited,EQ,30-SEP-2003,10,1,INE116G01013,10,INE116G01013,NSE_ONLY
VARDMNPOLY,Vardhman Polytex Limited,EQ,12-MAY-2003,1,1,INE835A01029,1,INE835A01029,NSE_ONLY
VARROC,Varroc Engineering Limited,EQ,06-JUL-2018,1,1,INE665L01035,1,INE665L01035,NSE_ONLY
VBL,Varun Beverages Limited,EQ,08-NOV-2016,2,1,INE200M01039,2,INE200M01039,NSE_ONLY
VCL,Vaxtex Cotfab Limited,BE,19-APR-2022,1,1,INE098201036,1,INE098201036,NSE_ONLY
VEEDOL,Veedol Corporation Limited,EQ,16-JAN-2007,2,1,INE484C01030,2,INE484C01030,NSE_ONLY
VENTIVE,Ventive Hospitality Limited,EQ,30-DEC-2024,1,1,INE781S01027,1,INE781S01027,NSE_ONLY
VENUSPIPES,Venus Pipes & Tubes Limited,EQ,24-MAY-2022,10,1,INE0JA001018,10,INE0JA001018,NSE_ONLY
VERANDA,Veranda Learning Solutions Limited,EQ,11-APR-2022,10,1,INE0IQ001011,10,INE0IQ001011,NSE_ONLY
VERTOZ,Vertoz Limited,EQ,14-MAY-2020,10,1,INE188Y01031,10,INE188Y01031,NSE_ONLY
VESUVIUS,Vesuvius India Limited,EQ,04-OCT-2002,1,1,INE386A01023,1,INE386A01023,NSE_ONLY
VHLTD,Viceroy Hotels Limited,BE,03-APR-2024,10,1,INE048C01025,10,INE048C01025,NSE_ONLY
VIJAYA,Vijaya Diagnostic Centre Limited,EQ,14-SEP-2021,1,1,INE043W01024,1,INE043W01024,NSE_ONLY
VIKASLIFE,Vikas Lifecare Limited,EQ,08-MAY-2019,1,1,INE161L01027,1,INE161L01027,NSE_ONLY
VIKRAMSOLR,Vikram Solar Limited,EQ,26-AUG-2025,10,1,INE078V01014,10,INE078V01014,NSE_ONLY
VIKRAN,Vikran Engineering Limited,EQ,03-SEP-2025,1,1,INE01R501028,1,INE01R501028,NSE_ONLY
VINATIORGA,Vinati Organics Limited,EQ,28-JUL-2009,1,1,INE410B01037,1,INE410B01037,NSE_ONLY
VINEETLAB,Vineet Laboratories Limited,EQ,15-JUN-2021,10,1,INE505Y01010,10,INE505Y01010,NSE_ONLY
VINNY,Vinny Overseas Limited,EQ,28-NOV-2022,1,1,INE01KI01027,1,INE01KI01027,NSE_ONLY
VIRINCHI,Virinchi Limited,BE,03-MAY-2023,10,1,INE539B01017,10,INE539B01017,NSE_ONLY
VISAKAIND,Visaka Industries Limited,EQ,28-AUG-1996,2,1,INE392A01021,2,INE392A01021,NSE_ONLY
VISHNU,Vishnu Chemicals Limited,EQ,05-MAR-2015,2,1,INE270I01022,2,INE270I01022,NSE_ONLY
VISHWARAJ,Vishwaraj Sugar Industries Limited,EQ,15-OCT-2019,2,1,INE430N01022,2,INE430N01022,NSE_ONLY
VLEGOV,VL E-Governance & IT Solutions Limited,EQ,14-AUG-2023,10,1,INE03HW01020,10,INE03HW01020,NSE_ONLY
VMM,Vishal Mega Mart Limited,EQ,18-DEC-2024,10,1,INE01EA01019,10,INE01EA01019,NSE_ONLY
VMSTMT,VMS TMT Limited,EQ,24-SEP-2025,10,1,INE0SJA01013,10,INE0SJA01013,NSE_ONLY
VPRPL,Vishnu Prakash R Punglia Limited,EQ,05-SEP-2023,10,1,INE0AE001013,10,INE0AE001013,NSE_ONLY
VRAJ,Vraj Iron and Steel Limited,EQ,03-JUL-2024,10,1,INE0S2V01010,10,INE0S2V01010,NSE_ONLY
VSTL,Vibhor Steel Tubes Limited,EQ,20-FEB-2024,10,1,INE0QTF01015,10,INE0QTF01015,NSE_ONLY
VTL,Vardhman Textiles Limited,EQ,14-JAN-2003,2,1,INE825A01020,2,INE825A01020,NSE_ONLY
WAAREEENER,Waaree Energies Limited,EQ,28-OCT-2024,10,1,INE377N01017,10,INE377N01017,NSE_ONLY
WAAREEINDO,Indosolar Limited,BE,29-SEP-2010,10,1,INE866K01023,10,INE866K01023,NSE_ONLY
WAAREERTL,Waaree Renewable Technologies Limited,EQ,09-APR-2025,2,1,INE299N01021,2,INE299N01021,NSE_ONLY
WCIL,Western Carriers (India) Limited,EQ,24-SEP-2024,5,1,INE0CJF01024,5,INE0CJF01024,NSE_ONLY
WEALTH,Wealth First Portfolio Managers Limited,EQ,20-JAN-2021,10,1,INE658T01017,10,INE658T01017,NSE_ONLY
WEBELSOLAR,Websol Energy System Limited,EQ,15-MAY-2007,1,1,INE855C01023,1,INE855C01023,NSE_ONLY
WEL,Wonder Electricals Limited,EQ,17-JAN-2022,1,1,INE02WG01024,1,INE02WG01024,NSE_ONLY
WEWIN,WE WIN LIMITED,BE,15-JUN-2022,10,1,INE082W01014,10,INE082W01014,NSE_ONLY
WEWORK,WeWork India Management Limited,EQ,10-OCT-2025,10,1,INE085001019,10,INE085001019,NSE_ONLY
WINDLAS,Windlas Biotech Limited,EQ,16-AUG-2021,5,1,INE0H5O01029,5,INE0H5O01029,NSE_ONLY
WIPL,The Western India Plywoods Limited,EQ,17-APR-2017,10,1,INE215F01023,10,INE215F01023,NSE_ONLY
WORTHPERI,Worth Peripherals Limited,EQ,04-AUG-2020,10,1,INE196Y01018,10,INE196Y01018,NSE_ONLY
XELPMOC,Xelpmoc Design And Tech Limited,BE,04-FEB-2019,10,1,INE01P501012,10,INE01P501012,NSE_ONLY
YASHO,Yasho Industries Limited,EQ,21-AUG-2023,10,1,INE616Z01012,10,INE616Z01012,NSE_ONLY
YATHARTH,Yatharth Hospital & Trauma Care Services Limited,EQ,07-AUG-2023,10,1,INE0JO301016,10,INE0JO301016,NSE_ONLY
YATRA,Yatra Online Limited,EQ,28-SEP-2023,1,1,INE0JR601024,1,INE0JR601024,NSE_ONLY
YESBANK,Yes Bank Limited,EQ,12-JUL-2005,2,1,INE528G01035,2,INE528G01035,NSE_ONLY
YUKEN,Yuken India Limited,EQ,02-SEP-2021,10,1,INE384C01016,10,INE384C01016,NSE_ONLY
ZAGGLE,Zaggle Prepaid Ocean Services Limited,EQ,22-SEP-2023,1,1,INE07K301024,1,INE07K301024,NSE_ONLY
ZENSARTECH,Zensar Technologies Limited,EQ,09-JUL-2003,2,1,INE520A01027,2,INE520A01027,NSE_ONLY
ZIMLAB,Zim Laboratories Limited,EQ,25-NOV-2022,10,1,INE518E01015,10,INE518E01015,NSE_ONLY
ZODIAC,Zodiac Energy Limited,EQ,14-DEC-2021,10,1,INE761Y01019,10,INE761Y01019,NSE_ONLY
ZOTA,Zota Health Care LImited,EQ,19-AUG-2019,10,1,INE358U01012,10,INE358U01012,NSE_ONLY
ZYDUSWELL,Zydus Wellness Limited,EQ,13-NOV-2009,2,1,INE768C01028,2,INE768C01028,NSE_ONLY
